,subject,setsize,trial,item,dur,onset,stimulus,fixnum,is_refixation,refixnum,is_last,is_first,value,choice,is_last_to_choice
0,3,16,2,5,176,440,nr120.png,1,0,0.0,0.0,1.0,-1,2,1
1,3,16,2,4,168,670,nr60.png,2,0,0.0,0.0,0.0,2,2,1
2,3,16,2,0,160,874,nr102.png,3,0,0.0,0.0,0.0,-2,2,1
3,3,16,2,3,230,1102,nr109.png,4,0,0.0,0.0,0.0,-1,2,1
4,3,16,2,7,128,1396,nr113.png,5,0,0.0,0.0,0.0,-3,2,1
5,3,16,2,2,772,1572,nr54.png,6,0,0.0,0.0,0.0,1,2,1
6,3,16,2,9,168,2428,nr63.png,7,0,0.0,0.0,0.0,1,2,1
7,3,16,2,8,170,2640,nr45.png,8,0,0.0,0.0,0.0,-2,2,1
8,3,16,2,13,428,2858,nr10.png,9,0,0.0,0.0,0.0,1,2,1
9,3,16,2,14,348,3352,nr29.png,10,0,0.0,0.0,0.0,1,2,1
10,3,16,2,13,214,3746,nr10.png,11,1,1.0,0.0,0.0,1,2,1
11,3,16,2,10,194,4038,nr27.png,12,0,0.0,0.0,0.0,-3,2,1
12,3,16,2,11,134,4274,nr3.png,13,0,0.0,0.0,0.0,-1,2,1
13,3,16,2,10,96,4450,nr27.png,14,1,1.0,0.0,0.0,-3,2,1
14,3,16,2,5,302,4594,nr120.png,15,1,1.0,0.0,0.0,-1,2,1
15,3,16,2,9,218,4968,nr63.png,16,1,1.0,0.0,0.0,1,2,1
16,3,16,2,5,386,5234,nr120.png,17,1,2.0,0.0,0.0,-1,2,1
17,3,16,2,7,206,5704,nr113.png,18,1,1.0,0.0,0.0,-3,2,1
18,3,16,2,2,550,5958,nr54.png,19,1,1.0,1.0,0.0,1,2,1
19,3,16,4,6,118,453,nr93.png,1,0,0.0,0.0,1.0,2,6,0
20,3,16,4,5,208,613,nr14.png,2,0,0.0,0.0,0.0,-1,6,0
21,3,16,4,6,274,865,nr93.png,3,1,1.0,0.0,0.0,2,6,0
22,3,16,4,3,218,1191,nr2.png,4,0,0.0,0.0,0.0,0,6,0
23,3,16,4,5,220,1485,nr14.png,5,1,1.0,0.0,0.0,-1,6,0
24,3,16,4,13,452,1781,nr54.png,6,0,0.0,0.0,0.0,1,6,0
25,3,16,4,12,142,2301,nr30.png,7,0,0.0,0.0,0.0,1,6,0
26,3,16,4,8,160,2467,nr9.png,8,0,0.0,0.0,0.0,1,6,0
27,3,16,4,12,254,2665,nr30.png,9,1,1.0,0.0,0.0,1,6,0
28,3,16,4,8,278,2963,nr9.png,10,1,1.0,0.0,0.0,1,6,0
29,3,16,4,4,272,3307,nr101.png,11,0,0.0,0.0,0.0,-2,6,0
30,3,16,4,0,200,3627,nr75.png,12,0,0.0,0.0,0.0,1,6,0
31,3,16,4,5,318,3871,nr14.png,13,1,2.0,0.0,0.0,-1,6,0
32,3,16,4,1,86,4233,nr56.png,14,0,0.0,0.0,0.0,3,6,0
33,3,16,4,2,162,4369,nr87.png,15,0,0.0,0.0,0.0,3,6,0
34,3,16,4,3,124,4571,nr2.png,16,1,1.0,0.0,0.0,0,6,0
35,3,16,4,15,170,4771,nr15.png,17,0,0.0,0.0,0.0,-2,6,0
36,3,16,4,11,206,4979,nr18.png,18,0,0.0,0.0,0.0,1,6,0
37,3,16,4,14,7,5235,nr83.png,19,0,0.0,1.0,0.0,1,6,0
38,3,16,6,10,154,421,nr93.png,1,0,0.0,0.0,1.0,2,10,0
39,3,16,6,9,322,617,nr52.png,2,0,0.0,0.0,0.0,-3,10,0
40,3,16,6,13,128,975,nr74.png,3,0,0.0,0.0,0.0,-2,10,0
41,3,16,6,5,212,1151,nr89.png,4,0,0.0,0.0,0.0,-1,10,0
42,3,16,6,1,196,1405,nr48.png,5,0,0.0,0.0,0.0,-2,10,0
43,3,16,6,0,144,1645,nr125.png,6,0,0.0,0.0,0.0,-3,10,0
44,3,16,6,7,254,1861,nr92.png,7,0,0.0,0.0,0.0,-3,10,0
45,3,16,6,2,288,2159,nr63.png,8,0,0.0,0.0,0.0,1,10,0
46,3,16,6,4,204,2533,nr94.png,9,0,0.0,0.0,0.0,-1,10,0
47,3,16,6,12,198,2943,nr101.png,10,0,0.0,0.0,0.0,-2,10,0
48,3,16,6,13,256,3183,nr74.png,11,1,1.0,0.0,0.0,-2,10,0
49,3,16,6,10,376,3489,nr93.png,12,1,1.0,0.0,0.0,2,10,0
50,3,16,6,9,250,3907,nr52.png,13,1,1.0,0.0,0.0,-3,10,0
51,3,16,6,14,224,4203,nr83.png,14,0,0.0,0.0,0.0,1,10,0
52,3,16,6,15,120,4469,nr88.png,15,0,0.0,0.0,0.0,1,10,0
53,3,16,6,11,108,4633,nr80.png,16,0,0.0,0.0,0.0,0,10,0
54,3,16,6,6,222,4783,nr4.png,17,0,0.0,0.0,0.0,0,10,0
55,3,16,6,2,250,5049,nr63.png,18,1,1.0,0.0,0.0,1,10,0
56,3,16,6,1,58,5379,nr48.png,19,1,1.0,1.0,0.0,-2,10,0
57,3,16,9,10,130,427,nr60.png,1,0,0.0,0.0,1.0,2,2,0
58,3,16,9,2,286,605,nr31.png,2,0,0.0,0.0,0.0,3,2,0
59,3,16,9,11,222,963,nr8.png,3,0,0.0,0.0,0.0,-2,2,0
60,3,16,9,13,194,1249,nr20.png,4,0,0.0,0.0,0.0,-1,2,0
61,3,16,9,8,204,1485,nr93.png,5,0,0.0,0.0,0.0,2,2,0
62,3,16,9,4,226,1733,nr125.png,6,0,0.0,0.0,0.0,-3,2,0
63,3,16,9,7,252,2033,nr114.png,7,0,0.0,0.0,0.0,-3,2,0
64,3,16,9,12,262,2381,nr18.png,8,0,0.0,0.0,0.0,1,2,0
65,3,16,9,15,146,2739,nr19.png,9,0,0.0,0.0,0.0,0,2,0
66,3,16,9,0,270,2963,nr29.png,10,0,0.0,1.0,0.0,1,2,0
67,3,16,10,9,82,440,nr74.png,1,0,0.0,0.0,1.0,-2,2,1
68,3,16,10,2,164,576,nr21.png,2,0,0.0,0.0,0.0,2,2,1
69,3,16,10,7,152,786,nr106.png,3,0,0.0,0.0,0.0,-2,2,1
70,3,16,10,13,338,998,nr125.png,4,0,0.0,0.0,0.0,-3,2,1
71,3,16,10,9,98,1392,nr74.png,5,1,1.0,0.0,0.0,-2,2,1
72,3,16,10,6,84,1696,nr56.png,6,0,0.0,0.0,0.0,3,2,1
73,3,16,10,2,338,1908,nr21.png,7,1,1.0,0.0,0.0,2,2,1
74,3,16,10,4,132,2332,nr96.png,8,0,0.0,0.0,0.0,-1,2,1
75,3,16,10,8,174,2494,nr39.png,9,0,0.0,0.0,0.0,-1,2,1
76,3,16,10,0,246,2716,nr93.png,10,0,0.0,0.0,0.0,2,2,1
77,3,16,10,6,140,3024,nr56.png,11,1,1.0,0.0,0.0,3,2,1
78,3,16,10,10,290,3194,nr50.png,12,0,0.0,0.0,0.0,1,2,1
79,3,16,10,11,114,3698,nr7.png,13,0,0.0,0.0,0.0,1,2,1
80,3,16,10,15,170,3840,nr79.png,14,0,0.0,0.0,0.0,-2,2,1
81,3,16,10,14,198,4058,nr94.png,15,0,0.0,0.0,0.0,-1,2,1
82,3,16,10,13,152,4312,nr125.png,16,1,1.0,0.0,0.0,-3,2,1
83,3,16,10,12,214,4496,nr30.png,17,0,0.0,0.0,0.0,1,2,1
84,3,16,10,13,104,4750,nr125.png,18,1,2.0,0.0,0.0,-3,2,1
85,3,16,10,8,216,4902,nr39.png,19,1,1.0,0.0,0.0,-1,2,1
86,3,16,10,9,310,5160,nr74.png,20,1,2.0,0.0,0.0,-2,2,1
87,3,16,10,5,190,5516,nr95.png,21,0,0.0,0.0,0.0,-1,2,1
88,3,16,10,1,240,5742,nr109.png,22,0,0.0,0.0,0.0,-1,2,1
89,3,16,10,2,658,6034,nr21.png,23,1,2.0,0.0,0.0,2,2,1
90,3,16,10,6,314,6770,nr56.png,24,1,2.0,0.0,0.0,3,2,1
91,3,16,10,3,226,7136,nr89.png,25,0,0.0,0.0,0.0,-1,2,1
92,3,16,10,7,242,7402,nr106.png,26,1,1.0,0.0,0.0,-2,2,1
93,3,16,10,10,222,7696,nr50.png,27,1,1.0,0.0,0.0,1,2,1
94,3,16,10,9,222,7970,nr74.png,28,1,3.0,0.0,0.0,-2,2,1
95,3,16,10,13,256,8228,nr125.png,29,1,3.0,0.0,0.0,-3,2,1
96,3,16,10,12,150,8536,nr30.png,30,1,1.0,0.0,0.0,1,2,1
97,3,16,10,8,256,8724,nr39.png,31,1,2.0,0.0,0.0,-1,2,1
98,3,16,10,11,354,9066,nr7.png,32,1,1.0,0.0,0.0,1,2,1
99,3,16,10,4,262,9550,nr96.png,33,1,1.0,0.0,0.0,-1,2,1
100,3,16,10,5,130,9876,nr95.png,34,1,1.0,0.0,0.0,-1,2,1
101,3,16,10,1,214,10042,nr109.png,35,1,1.0,0.0,0.0,-1,2,1
102,3,16,10,2,328,10300,nr21.png,36,1,3.0,0.0,0.0,2,2,1
103,3,16,10,1,336,10692,nr109.png,37,1,2.0,0.0,0.0,-1,2,1
104,3,16,10,0,228,11070,nr93.png,38,1,1.0,0.0,0.0,2,2,1
105,3,16,10,2,284,11360,nr21.png,39,1,4.0,1.0,0.0,2,2,1
106,3,16,15,10,118,452,nr113.png,1,0,0.0,0.0,1.0,-3,9,0
107,3,16,15,9,162,622,nr55.png,2,0,0.0,0.0,0.0,3,9,0
108,3,16,15,13,242,822,nr60.png,3,0,0.0,0.0,0.0,2,9,0
109,3,16,15,8,250,1112,nr74.png,4,0,0.0,0.0,0.0,-2,9,0
110,3,16,15,9,194,1410,nr55.png,5,1,1.0,0.0,0.0,3,9,0
111,3,16,15,4,242,1656,nr45.png,6,0,0.0,0.0,0.0,-2,9,0
112,3,16,15,2,206,1972,nr51.png,7,0,0.0,0.0,0.0,0,9,0
113,3,16,15,1,222,2220,nr91.png,8,0,0.0,0.0,0.0,-1,9,0
114,3,16,15,0,198,2494,nr4.png,9,0,0.0,0.0,0.0,0,9,0
115,3,16,15,5,102,2740,nr84.png,10,0,0.0,0.0,0.0,-2,9,0
116,3,16,15,7,108,2902,nr98.png,11,0,0.0,0.0,0.0,1,9,0
117,3,16,15,11,128,3056,nr27.png,12,0,0.0,0.0,0.0,-3,9,0
118,3,16,15,15,126,3216,nr15.png,13,0,0.0,0.0,0.0,-2,9,0
119,3,16,15,13,256,3396,nr60.png,14,1,1.0,1.0,0.0,2,9,0
120,3,16,16,10,124,402,nr28.png,1,0,0.0,0.0,1.0,-2,13,1
121,3,16,16,6,174,570,nr48.png,2,0,0.0,0.0,0.0,-2,13,1
122,3,16,16,2,172,786,nr18.png,3,0,0.0,0.0,0.0,1,13,1
123,3,16,16,1,174,1000,nr46.png,4,0,0.0,0.0,0.0,1,13,1
124,3,16,16,0,168,1222,nr63.png,5,0,0.0,0.0,0.0,1,13,1
125,3,16,16,4,162,1430,nr50.png,6,0,0.0,0.0,0.0,1,13,1
126,3,16,16,8,232,1634,nr2.png,7,0,0.0,0.0,0.0,0,13,1
127,3,16,16,13,162,2056,nr65.png,8,0,0.0,0.0,0.0,2,13,1
128,3,16,16,14,130,2262,nr12.png,9,0,0.0,0.0,0.0,-3,13,1
129,3,16,16,15,122,2436,nr60.png,10,0,0.0,0.0,0.0,2,13,1
130,3,16,16,7,190,2782,nr106.png,11,0,0.0,0.0,0.0,-2,13,1
131,3,16,16,6,178,3014,nr48.png,12,1,1.0,0.0,0.0,-2,13,1
132,3,16,16,3,210,3240,nr3.png,13,0,0.0,0.0,0.0,-1,13,1
133,3,16,16,2,248,3490,nr18.png,14,1,1.0,0.0,0.0,1,13,1
134,3,16,16,1,270,3782,nr46.png,15,1,1.0,0.0,0.0,1,13,1
135,3,16,16,0,302,4096,nr63.png,16,1,1.0,0.0,0.0,1,13,1
136,3,16,16,1,198,4446,nr46.png,17,1,2.0,0.0,0.0,1,13,1
137,3,16,16,5,354,4694,nr96.png,18,0,0.0,0.0,0.0,-1,13,1
138,3,16,16,6,260,5110,nr48.png,19,1,2.0,0.0,0.0,-2,13,1
139,3,16,16,9,222,5420,nr52.png,20,0,0.0,0.0,0.0,-3,13,1
140,3,16,16,10,178,5686,nr28.png,21,1,1.0,0.0,0.0,-2,13,1
141,3,16,16,11,188,5906,nr84.png,22,0,0.0,0.0,0.0,-2,13,1
142,3,16,16,13,334,6160,nr65.png,23,1,1.0,0.0,0.0,2,13,1
143,3,16,16,12,204,6560,nr113.png,24,0,0.0,0.0,0.0,-3,13,1
144,3,16,16,13,143,6812,nr65.png,25,1,2.0,1.0,0.0,2,13,1
145,3,16,17,5,34,493,nr89.png,1,0,0.0,0.0,1.0,-1,12,1
146,3,16,17,1,296,565,nr21.png,2,0,0.0,0.0,0.0,2,12,1
147,3,16,17,4,136,955,nr19.png,3,0,0.0,0.0,0.0,0,12,1
148,3,16,17,8,268,1123,nr11.png,4,0,0.0,0.0,0.0,-2,12,1
149,3,16,17,12,252,1431,nr31.png,5,0,0.0,0.0,0.0,3,12,1
150,3,16,17,13,40,1727,nr99.png,6,0,0.0,0.0,0.0,-2,12,1
151,3,16,17,12,445,1953,nr31.png,7,1,1.0,1.0,0.0,3,12,1
152,3,16,31,10,144,441,nr60.png,1,0,0.0,0.0,1.0,2,2,0
153,3,16,31,5,66,629,nr2.png,2,0,0.0,0.0,0.0,0,2,0
154,3,16,31,4,200,749,nr20.png,3,0,0.0,0.0,0.0,-1,2,0
155,3,16,31,8,144,993,nr96.png,4,0,0.0,0.0,0.0,-1,2,0
156,3,16,31,12,230,1167,nr46.png,5,0,0.0,0.0,0.0,1,2,0
157,3,16,31,10,98,1483,nr60.png,6,1,1.0,0.0,0.0,2,2,0
158,3,16,31,11,164,1607,nr18.png,7,0,0.0,0.0,0.0,1,2,0
159,3,16,31,7,166,1813,nr41.png,8,0,0.0,0.0,0.0,1,2,0
160,3,16,31,2,228,2021,nr9.png,9,0,0.0,0.0,0.0,1,2,0
161,3,16,31,7,234,2297,nr41.png,10,1,1.0,0.0,0.0,1,2,0
162,3,16,31,15,220,2585,nr42.png,11,0,0.0,0.0,0.0,-3,2,0
163,3,16,31,14,296,2843,nr120.png,12,0,0.0,0.0,0.0,-1,2,0
164,3,16,31,1,322,3241,nr94.png,13,0,0.0,0.0,0.0,-1,2,0
165,3,16,31,6,216,3635,nr39.png,14,0,0.0,0.0,0.0,-1,2,0
166,3,16,31,10,170,3895,nr60.png,15,1,2.0,0.0,0.0,2,2,0
167,3,16,31,7,204,4113,nr41.png,16,1,2.0,0.0,0.0,1,2,0
168,3,16,31,11,302,4351,nr18.png,17,1,1.0,0.0,0.0,1,2,0
169,3,16,31,15,464,4715,nr42.png,18,1,1.0,0.0,0.0,-3,2,0
170,3,16,31,13,188,5375,nr95.png,19,0,0.0,0.0,0.0,-1,2,0
171,3,16,31,12,240,5607,nr46.png,20,1,1.0,0.0,0.0,1,2,0
172,3,16,31,8,132,5907,nr96.png,21,1,1.0,0.0,0.0,-1,2,0
173,3,16,31,9,170,6077,nr92.png,22,0,0.0,0.0,0.0,-3,2,0
174,3,16,31,4,282,6297,nr20.png,23,1,1.0,0.0,0.0,-1,2,0
175,3,16,31,0,144,6619,nr75.png,24,0,0.0,0.0,0.0,1,2,0
176,3,16,31,5,258,6811,nr2.png,25,1,1.0,0.0,0.0,0,2,0
177,3,16,31,2,314,7125,nr9.png,26,1,1.0,0.0,0.0,1,2,0
178,3,16,31,3,246,7487,nr88.png,27,0,0.0,0.0,0.0,1,2,0
179,3,16,31,6,213,7783,nr39.png,28,1,1.0,1.0,0.0,-1,2,0
180,3,16,34,5,208,537,nr125.png,1,0,0.0,0.0,1.0,-3,13,0
181,3,16,34,9,282,791,nr79.png,2,0,0.0,0.0,0.0,-2,13,0
182,3,16,34,13,376,1135,nr87.png,3,0,0.0,0.0,0.0,3,13,0
183,3,16,34,10,138,1737,nr18.png,4,0,0.0,0.0,0.0,1,13,0
184,3,16,34,3,380,1929,nr21.png,5,0,0.0,0.0,0.0,2,13,0
185,3,16,34,5,232,2401,nr125.png,6,1,1.0,0.0,0.0,-3,13,0
186,3,16,34,1,152,2663,nr29.png,7,0,0.0,0.0,0.0,1,13,0
187,3,16,34,5,230,2847,nr125.png,8,1,2.0,0.0,0.0,-3,13,0
188,3,16,34,1,24,3113,nr29.png,9,1,1.0,0.0,0.0,1,13,0
189,3,16,34,7,172,3203,nr90.png,10,0,0.0,0.0,0.0,-1,13,0
190,3,16,34,15,226,3429,nr20.png,11,0,0.0,0.0,0.0,-1,13,0
191,3,16,34,11,120,3685,nr9.png,12,0,0.0,1.0,0.0,1,13,0
192,3,16,36,10,198,422,nr7.png,1,0,0.0,0.0,1.0,1,2,0
193,3,16,36,13,124,670,nr90.png,2,0,0.0,0.0,0.0,-1,2,0
194,3,16,36,3,424,860,nr121.png,3,0,0.0,0.0,0.0,1,2,0
195,3,16,36,13,194,1392,nr90.png,4,1,1.0,0.0,0.0,-1,2,0
196,3,16,36,8,282,1724,nr52.png,5,0,0.0,0.0,0.0,-3,2,0
197,3,16,36,12,142,2038,nr44.png,6,0,0.0,0.0,0.0,1,2,0
198,3,16,36,5,214,2236,nr95.png,7,0,0.0,0.0,0.0,-1,2,0
199,3,16,36,1,242,2484,nr106.png,8,0,0.0,0.0,0.0,-2,2,0
200,3,16,36,0,226,2772,nr53.png,9,0,0.0,0.0,0.0,-1,2,0
201,3,16,36,10,162,3074,nr7.png,10,1,1.0,0.0,0.0,1,2,0
202,3,16,36,11,266,3280,nr4.png,11,0,0.0,0.0,0.0,0,2,0
203,3,16,36,15,206,3586,nr75.png,12,0,0.0,0.0,0.0,1,2,0
204,3,16,36,7,178,3848,nr49.png,13,0,0.0,0.0,0.0,1,2,0
205,3,16,36,6,110,4070,nr94.png,14,0,0.0,0.0,0.0,-1,2,0
206,3,16,36,4,388,4230,nr58.png,15,0,0.0,0.0,0.0,1,2,0
207,3,16,36,8,256,4682,nr52.png,16,1,1.0,0.0,0.0,-3,2,0
208,3,16,36,5,230,4994,nr95.png,17,1,1.0,0.0,0.0,-1,2,0
209,3,16,36,1,342,5258,nr106.png,18,1,1.0,0.0,0.0,-2,2,0
210,3,16,36,2,384,5664,nr62.png,19,0,0.0,0.0,0.0,1,2,0
211,3,16,36,3,552,6096,nr121.png,20,1,1.0,0.0,0.0,1,2,0
212,3,16,36,14,256,6736,nr83.png,21,0,0.0,0.0,0.0,1,2,0
213,3,16,36,10,254,7030,nr7.png,22,1,2.0,0.0,0.0,1,2,0
214,3,16,36,15,156,7336,nr75.png,23,1,1.0,0.0,0.0,1,2,0
215,3,16,36,13,156,7542,nr90.png,24,1,2.0,1.0,0.0,-1,2,0
216,3,16,40,5,164,411,nr3.png,1,0,0.0,0.0,1.0,-1,6,0
217,3,16,40,6,220,621,nr55.png,2,0,0.0,0.0,0.0,3,6,0
218,3,16,40,7,152,887,nr15.png,3,0,0.0,0.0,0.0,-2,6,0
219,3,16,40,3,260,1075,nr121.png,4,0,0.0,0.0,0.0,1,6,0
220,3,16,40,4,348,1423,nr53.png,5,0,0.0,0.0,0.0,-1,6,0
221,3,16,40,13,208,2063,nr124.png,6,0,0.0,0.0,0.0,-1,6,0
222,3,16,40,9,48,2305,nr111.png,7,0,0.0,0.0,0.0,-3,6,0
223,3,16,40,12,216,2403,nr21.png,8,0,0.0,0.0,0.0,2,6,0
224,3,16,40,10,204,2707,nr27.png,9,0,0.0,0.0,0.0,-3,6,0
225,3,16,40,11,182,2953,nr91.png,10,0,0.0,0.0,0.0,-1,6,0
226,3,16,40,15,71,3179,nr41.png,11,0,0.0,1.0,0.0,1,6,0
227,3,16,43,6,326,526,nr55.png,1,0,0.0,0.0,1.0,3,6,0
228,3,16,43,3,170,922,nr95.png,2,0,0.0,0.0,0.0,-1,6,0
229,3,16,43,2,122,1132,nr27.png,3,0,0.0,0.0,0.0,-3,6,0
230,3,16,43,4,112,1484,nr83.png,4,0,0.0,0.0,0.0,1,6,0
231,3,16,43,12,142,1644,nr106.png,5,0,0.0,0.0,0.0,-2,6,0
232,3,16,43,13,256,1812,nr125.png,6,0,0.0,0.0,0.0,-3,6,0
233,3,16,43,9,164,2108,nr12.png,7,0,0.0,0.0,0.0,-3,6,0
234,3,16,43,10,92,2326,nr113.png,8,0,0.0,1.0,0.0,-3,6,0
235,3,16,44,6,154,418,nr96.png,1,0,0.0,0.0,1.0,-1,13,1
236,3,16,44,8,196,630,nr85.png,2,0,0.0,0.0,0.0,-2,13,1
237,3,16,44,4,224,870,nr121.png,3,0,0.0,0.0,0.0,1,13,1
238,3,16,44,0,234,1138,nr8.png,4,0,0.0,0.0,0.0,-2,13,1
239,3,16,44,2,156,1444,nr102.png,5,0,0.0,0.0,0.0,-2,13,1
240,3,16,44,3,170,1642,nr65.png,6,0,0.0,0.0,0.0,2,13,1
241,3,16,44,7,220,1858,nr42.png,7,0,0.0,0.0,0.0,-3,13,1
242,3,16,44,11,124,2126,nr18.png,8,0,0.0,0.0,0.0,1,13,1
243,3,16,44,10,204,2286,nr112.png,9,0,0.0,0.0,0.0,-3,13,1
244,3,16,44,14,172,2524,nr69.png,10,0,0.0,0.0,0.0,1,13,1
245,3,16,44,13,418,2738,nr31.png,11,0,0.0,1.0,0.0,3,13,1
246,3,16,46,10,142,441,nr1.png,1,0,0.0,0.0,1.0,-1,0,0
247,3,16,46,2,246,633,nr125.png,2,0,0.0,0.0,0.0,-3,0,0
248,3,16,46,5,196,935,nr91.png,3,0,0.0,0.0,0.0,-1,0,0
249,3,16,46,4,134,1173,nr101.png,4,0,0.0,0.0,0.0,-2,0,0
250,3,16,46,8,174,1343,nr45.png,5,0,0.0,0.0,0.0,-2,0,0
251,3,16,46,15,206,1589,nr46.png,6,0,0.0,0.0,0.0,1,0,0
252,3,16,46,14,126,1841,nr65.png,7,0,0.0,0.0,0.0,2,0,0
253,3,16,46,13,190,2009,nr114.png,8,0,0.0,0.0,0.0,-3,0,0
254,3,16,46,0,210,2281,nr56.png,9,0,0.0,0.0,0.0,3,0,0
255,3,16,46,1,188,2543,nr81.png,10,0,0.0,0.0,0.0,-1,0,0
256,3,16,46,2,172,2773,nr125.png,11,1,1.0,0.0,0.0,-3,0,0
257,3,16,46,3,260,2991,nr18.png,12,0,0.0,0.0,0.0,1,0,0
258,3,16,46,7,418,3295,nr9.png,13,0,0.0,0.0,0.0,1,0,0
259,3,16,46,9,214,3801,nr120.png,14,0,0.0,0.0,0.0,-1,0,0
260,3,16,46,8,134,4061,nr45.png,15,1,1.0,0.0,0.0,-2,0,0
261,3,16,46,10,262,4257,nr1.png,16,1,1.0,0.0,0.0,-1,0,0
262,3,16,46,11,168,4565,nr42.png,17,0,0.0,0.0,0.0,-3,0,0
263,3,16,46,8,196,4799,nr45.png,18,1,2.0,0.0,0.0,-2,0,0
264,3,16,46,13,156,5051,nr114.png,19,1,1.0,1.0,0.0,-3,0,0
265,3,16,47,5,134,432,nr58.png,1,0,0.0,0.0,1.0,1,12,1
266,3,16,47,4,140,608,nr15.png,2,0,0.0,0.0,0.0,-2,12,1
267,3,16,47,12,136,794,nr87.png,3,0,0.0,0.0,0.0,3,12,1
268,3,16,47,13,166,974,nr84.png,4,0,0.0,0.0,0.0,-2,12,1
269,3,16,47,14,74,1188,nr92.png,5,0,0.0,0.0,0.0,-3,12,1
270,3,16,47,15,146,1292,nr3.png,6,0,0.0,0.0,0.0,-1,12,1
271,3,16,47,3,196,1606,nr18.png,7,0,0.0,0.0,0.0,1,12,1
272,3,16,47,2,90,1836,nr75.png,8,0,0.0,0.0,0.0,1,12,1
273,3,16,47,1,206,1976,nr107.png,9,0,0.0,0.0,0.0,-2,12,1
274,3,16,47,0,130,2222,nr4.png,10,0,0.0,0.0,0.0,0,12,1
275,3,16,47,5,156,2406,nr58.png,11,1,1.0,0.0,0.0,1,12,1
276,3,16,47,6,246,2604,nr69.png,12,0,0.0,0.0,0.0,1,12,1
277,3,16,47,7,182,2894,nr79.png,13,0,0.0,0.0,0.0,-2,12,1
278,3,16,47,5,170,3134,nr58.png,14,1,2.0,0.0,0.0,1,12,1
279,3,16,47,1,224,3340,nr107.png,15,1,1.0,0.0,0.0,-2,12,1
280,3,16,47,2,238,3608,nr75.png,16,1,1.0,0.0,0.0,1,12,1
281,3,16,47,3,204,3890,nr18.png,17,1,1.0,0.0,0.0,1,12,1
282,3,16,47,4,306,4170,nr15.png,18,1,1.0,0.0,0.0,-2,12,1
283,3,16,47,5,84,4540,nr58.png,19,1,3.0,0.0,0.0,1,12,1
284,3,16,47,6,342,4782,nr69.png,20,1,1.0,0.0,0.0,1,12,1
285,3,16,47,7,138,5186,nr79.png,21,1,1.0,0.0,0.0,-2,12,1
286,3,16,47,9,288,5388,nr29.png,22,0,0.0,0.0,0.0,1,12,1
287,3,16,47,8,238,5742,nr60.png,23,0,0.0,0.0,0.0,2,12,1
288,3,16,47,13,306,6024,nr84.png,24,1,1.0,0.0,0.0,-2,12,1
289,3,16,47,12,160,6396,nr87.png,25,1,1.0,1.0,0.0,3,12,1
290,3,16,55,6,112,463,nr93.png,1,0,0.0,0.0,1.0,2,6,0
291,3,16,55,11,122,619,nr97.png,2,0,0.0,0.0,0.0,1,6,0
292,3,16,55,7,104,915,nr8.png,3,0,0.0,0.0,0.0,-2,6,0
293,3,16,55,13,146,1089,nr83.png,4,0,0.0,0.0,0.0,1,6,0
294,3,16,55,12,154,1273,nr60.png,5,0,0.0,0.0,0.0,2,6,0
295,3,16,55,8,192,1465,nr101.png,6,0,0.0,0.0,0.0,-2,6,0
296,3,16,55,4,168,1703,nr50.png,7,0,0.0,0.0,0.0,1,6,0
297,3,16,55,1,226,1917,nr7.png,8,0,0.0,0.0,0.0,1,6,0
298,3,16,55,2,184,2189,nr11.png,9,0,0.0,0.0,0.0,-2,6,0
299,3,16,55,3,348,2413,nr14.png,10,0,0.0,0.0,0.0,-1,6,0
300,3,16,55,1,366,2829,nr7.png,11,1,1.0,0.0,0.0,1,6,0
301,3,16,55,6,390,3265,nr93.png,12,1,1.0,0.0,0.0,2,6,0
302,3,16,55,10,366,3711,nr20.png,13,0,0.0,0.0,0.0,-1,6,0
303,3,16,55,14,144,4157,nr58.png,14,0,0.0,0.0,0.0,1,6,0
304,3,16,55,13,120,4341,nr83.png,15,1,1.0,0.0,0.0,1,6,0
305,3,16,55,15,237,4517,nr48.png,16,0,0.0,1.0,0.0,-2,6,0
306,3,16,62,5,190,267,nr2.png,1,0,0.0,0.0,1.0,0,13,1
307,3,16,62,10,126,503,nr1.png,2,0,0.0,0.0,0.0,-1,13,1
308,3,16,62,9,210,677,nr29.png,3,0,0.0,0.0,0.0,1,13,1
309,3,16,62,12,206,1047,nr52.png,4,0,0.0,0.0,0.0,-3,13,1
310,3,16,62,5,230,1309,nr2.png,5,1,1.0,0.0,0.0,0,13,1
311,3,16,62,4,186,1583,nr69.png,6,0,0.0,0.0,0.0,1,13,1
312,3,16,62,8,198,1807,nr27.png,7,0,0.0,0.0,0.0,-3,13,1
313,3,16,62,10,194,2073,nr1.png,8,1,1.0,0.0,0.0,-1,13,1
314,3,16,62,11,108,2291,nr3.png,9,0,0.0,0.0,0.0,-1,13,1
315,3,16,62,10,126,2437,nr1.png,10,1,2.0,0.0,0.0,-1,13,1
316,3,16,62,2,188,2615,nr98.png,11,0,0.0,0.0,0.0,1,13,1
317,3,16,62,1,174,2845,nr18.png,12,0,0.0,0.0,0.0,1,13,1
318,3,16,62,0,148,3071,nr49.png,13,0,0.0,0.0,0.0,1,13,1
319,3,16,62,3,294,3293,nr20.png,14,0,0.0,0.0,0.0,-1,13,1
320,3,16,62,7,206,3625,nr11.png,15,0,0.0,0.0,0.0,-2,13,1
321,3,16,62,11,224,3881,nr3.png,16,1,1.0,0.0,0.0,-1,13,1
322,3,16,62,14,210,4175,nr88.png,17,0,0.0,0.0,0.0,1,13,1
323,3,16,62,13,267,4433,nr87.png,18,0,0.0,1.0,0.0,3,13,1
324,3,16,76,5,144,427,nr57.png,1,0,0.0,0.0,1.0,3,5,1
325,3,16,76,9,152,607,nr97.png,2,0,0.0,0.0,0.0,1,5,1
326,3,16,76,8,124,799,nr102.png,3,0,0.0,0.0,0.0,-2,5,1
327,3,16,76,5,188,969,nr57.png,4,1,1.0,0.0,0.0,3,5,1
328,3,16,76,4,126,1203,nr27.png,5,0,0.0,0.0,0.0,-3,5,1
329,3,16,76,1,158,1391,nr74.png,6,0,0.0,0.0,0.0,-2,5,1
330,3,16,76,0,208,1595,nr121.png,7,0,0.0,0.0,0.0,1,5,1
331,3,16,76,11,180,1889,nr52.png,8,0,0.0,0.0,0.0,-3,5,1
332,3,16,76,7,178,2107,nr125.png,9,0,0.0,0.0,0.0,-3,5,1
333,3,16,76,3,112,2331,nr39.png,10,0,0.0,0.0,0.0,-1,5,1
334,3,16,76,2,100,2483,nr41.png,11,0,0.0,0.0,0.0,1,5,1
335,3,16,76,1,306,2631,nr74.png,12,1,1.0,0.0,0.0,-2,5,1
336,3,16,76,13,206,3179,nr63.png,13,0,0.0,0.0,0.0,1,5,1
337,3,16,76,12,130,3431,nr76.png,14,0,0.0,0.0,0.0,0,5,1
338,3,16,76,9,214,3607,nr97.png,15,1,1.0,0.0,0.0,1,5,1
339,3,16,76,5,195,3859,nr57.png,16,1,2.0,1.0,0.0,3,5,1
340,3,16,79,5,226,210,nr90.png,1,0,0.0,0.0,1.0,-1,14,1
341,3,16,79,8,198,508,nr46.png,2,0,0.0,0.0,0.0,1,14,1
342,3,16,79,13,152,746,nr12.png,3,0,0.0,0.0,0.0,-3,14,1
343,3,16,79,2,216,978,nr81.png,4,0,0.0,0.0,0.0,-1,14,1
344,3,16,79,3,166,1234,nr51.png,5,0,0.0,0.0,0.0,0,14,1
345,3,16,79,7,174,1448,nr45.png,6,0,0.0,0.0,0.0,-2,14,1
346,3,16,79,10,228,1668,nr69.png,7,0,0.0,0.0,0.0,1,14,1
347,3,16,79,6,176,1962,nr27.png,8,0,0.0,0.0,0.0,-3,14,1
348,3,16,79,14,230,2192,nr57.png,9,0,0.0,1.0,0.0,3,14,1
349,3,16,87,5,238,182,nr63.png,1,0,0.0,0.0,1.0,1,11,0
350,3,16,87,6,158,466,nr46.png,2,0,0.0,0.0,0.0,1,11,0
351,3,16,87,5,160,672,nr63.png,3,1,1.0,0.0,0.0,1,11,0
352,3,16,87,12,224,890,nr28.png,4,0,0.0,0.0,0.0,-2,11,0
353,3,16,87,13,102,1164,nr15.png,5,0,0.0,0.0,0.0,-2,11,0
354,3,16,87,5,226,1310,nr63.png,6,1,2.0,0.0,0.0,1,11,0
355,3,16,87,3,200,1706,nr30.png,7,0,0.0,0.0,0.0,1,11,0
356,3,16,87,2,138,1934,nr79.png,8,0,0.0,0.0,0.0,-2,11,0
357,3,16,87,4,240,2198,nr45.png,9,0,0.0,0.0,0.0,-2,11,0
358,3,16,87,8,162,2470,nr101.png,10,0,0.0,0.0,0.0,-2,11,0
359,3,16,87,5,150,2678,nr63.png,11,1,3.0,0.0,0.0,1,11,0
360,3,16,87,14,228,2892,nr58.png,12,0,0.0,0.0,0.0,1,11,0
361,3,16,87,10,214,3160,nr98.png,13,0,0.0,0.0,0.0,1,11,0
362,3,16,87,11,188,3412,nr93.png,14,0,0.0,0.0,0.0,2,11,0
363,3,16,87,13,226,3656,nr15.png,15,1,1.0,0.0,0.0,-2,11,0
364,3,16,87,14,98,3930,nr58.png,16,1,1.0,0.0,0.0,1,11,0
365,3,16,87,10,166,4278,nr98.png,17,1,1.0,0.0,0.0,1,11,0
366,3,16,87,6,232,4474,nr46.png,18,1,1.0,0.0,0.0,1,11,0
367,3,16,87,0,224,4772,nr120.png,19,0,0.0,0.0,0.0,-1,11,0
368,3,16,87,1,253,5048,nr27.png,20,0,0.0,1.0,0.0,-3,11,0
369,3,16,90,5,78,564,nr84.png,1,0,0.0,0.0,1.0,-2,4,0
370,3,16,90,13,216,692,nr85.png,2,0,0.0,0.0,0.0,-2,4,0
371,3,16,90,12,120,952,nr125.png,3,0,0.0,0.0,0.0,-3,4,0
372,3,16,90,8,208,1114,nr51.png,4,0,0.0,0.0,0.0,0,4,0
373,3,16,90,4,186,1364,nr93.png,5,0,0.0,0.0,0.0,2,4,0
374,3,16,90,1,174,1598,nr12.png,6,0,0.0,0.0,0.0,-3,4,0
375,3,16,90,2,60,1832,nr72.png,7,0,0.0,0.0,0.0,-1,4,0
376,3,16,90,3,116,1932,nr94.png,8,0,0.0,0.0,0.0,-1,4,0
377,3,16,90,7,202,2094,nr90.png,9,0,0.0,0.0,0.0,-1,4,0
378,3,16,90,11,272,2330,nr7.png,10,0,0.0,0.0,0.0,1,4,0
379,3,16,90,10,218,2644,nr41.png,11,0,0.0,0.0,0.0,1,4,0
380,3,16,90,9,182,2908,nr79.png,12,0,0.0,1.0,0.0,-2,4,0
381,3,16,92,5,410,136,nr106.png,1,0,0.0,0.0,1.0,-2,1,0
382,3,16,92,1,130,624,nr93.png,2,0,0.0,0.0,0.0,2,1,0
383,3,16,92,2,134,818,nr124.png,3,0,0.0,0.0,0.0,-1,1,0
384,3,16,92,7,110,996,nr85.png,4,0,0.0,0.0,0.0,-2,1,0
385,3,16,92,11,158,1158,nr76.png,5,0,0.0,0.0,0.0,0,1,0
386,3,16,92,9,220,1550,nr15.png,6,0,0.0,0.0,0.0,-2,1,0
387,3,16,92,13,234,1810,nr48.png,7,0,0.0,0.0,0.0,-2,1,0
388,3,16,92,10,300,2108,nr54.png,8,0,0.0,0.0,0.0,1,1,0
389,3,16,92,9,70,2476,nr15.png,9,1,1.0,0.0,0.0,-2,1,0
390,3,16,92,8,182,2584,nr49.png,10,0,0.0,0.0,0.0,1,1,0
391,3,16,92,4,148,2806,nr39.png,11,0,0.0,0.0,0.0,-1,1,0
392,3,16,92,5,64,3000,nr106.png,12,1,1.0,0.0,0.0,-2,1,0
393,3,16,92,6,7,3120,nr41.png,13,0,0.0,1.0,0.0,1,1,0
394,3,16,98,5,310,156,nr84.png,1,0,0.0,0.0,1.0,-2,7,1
395,3,16,98,2,136,518,nr1.png,2,0,0.0,0.0,0.0,-1,7,1
396,3,16,98,14,188,718,nr53.png,3,0,0.0,0.0,0.0,-1,7,1
397,3,16,98,9,170,970,nr101.png,4,0,0.0,0.0,0.0,-2,7,1
398,3,16,98,13,166,1286,nr106.png,5,0,0.0,0.0,0.0,-2,7,1
399,3,16,98,12,146,1492,nr46.png,6,0,0.0,0.0,0.0,1,7,1
400,3,16,98,4,280,1688,nr74.png,7,0,0.0,0.0,0.0,-2,7,1
401,3,16,98,0,166,2006,nr39.png,8,0,0.0,0.0,0.0,-1,7,1
402,3,16,98,1,140,2216,nr4.png,9,0,0.0,0.0,0.0,0,7,1
403,3,16,98,2,90,2400,nr1.png,10,1,1.0,0.0,0.0,-1,7,1
404,3,16,98,3,194,2532,nr107.png,11,0,0.0,0.0,0.0,-2,7,1
405,3,16,98,7,210,2764,nr65.png,12,0,0.0,0.0,0.0,2,7,1
406,3,16,98,11,302,3018,nr14.png,13,0,0.0,0.0,0.0,-1,7,1
407,3,16,98,10,100,3372,nr45.png,14,0,0.0,0.0,0.0,-2,7,1
408,3,16,98,9,170,3516,nr101.png,15,1,1.0,0.0,0.0,-2,7,1
409,3,16,98,8,108,3730,nr80.png,16,0,0.0,0.0,0.0,0,7,1
410,3,16,98,5,250,3954,nr84.png,17,1,1.0,0.0,0.0,-2,7,1
411,3,16,98,6,84,4274,nr60.png,18,0,0.0,0.0,0.0,2,7,1
412,3,16,98,15,194,4564,nr58.png,19,0,0.0,0.0,0.0,1,7,1
413,3,16,98,14,154,4796,nr53.png,20,1,1.0,0.0,0.0,-1,7,1
414,3,16,98,15,204,5190,nr58.png,21,1,1.0,0.0,0.0,1,7,1
415,3,16,98,14,264,5434,nr53.png,22,1,2.0,0.0,0.0,-1,7,1
416,3,16,98,13,848,5750,nr106.png,23,1,1.0,0.0,0.0,-2,7,1
417,3,16,98,12,266,6670,nr46.png,24,1,1.0,0.0,0.0,1,7,1
418,3,16,98,13,756,6984,nr106.png,25,1,2.0,0.0,0.0,-2,7,1
419,3,16,98,14,958,7786,nr53.png,26,1,3.0,0.0,0.0,-1,7,1
420,3,16,98,13,206,8792,nr106.png,27,1,3.0,0.0,0.0,-2,7,1
421,3,16,98,12,242,9036,nr46.png,28,1,2.0,0.0,0.0,1,7,1
422,3,16,98,9,160,9320,nr101.png,29,1,2.0,0.0,0.0,-2,7,1
423,3,16,98,5,292,9522,nr84.png,30,1,2.0,0.0,0.0,-2,7,1
424,3,16,98,4,180,9868,nr74.png,31,1,1.0,0.0,0.0,-2,7,1
425,3,16,98,3,302,10122,nr107.png,32,1,1.0,0.0,0.0,-2,7,1
426,3,16,98,6,320,10494,nr60.png,33,1,1.0,0.0,0.0,2,7,1
427,3,16,98,9,204,11052,nr101.png,34,1,3.0,0.0,0.0,-2,7,1
428,3,16,98,8,176,11306,nr80.png,35,1,1.0,0.0,0.0,0,7,1
429,3,16,98,1,292,11538,nr4.png,36,1,1.0,0.0,0.0,0,7,1
430,3,16,98,0,132,11878,nr39.png,37,1,1.0,0.0,0.0,-1,7,1
431,3,16,98,2,128,12068,nr1.png,38,1,2.0,0.0,0.0,-1,7,1
432,3,16,98,11,266,12260,nr14.png,39,1,1.0,0.0,0.0,-1,7,1
433,3,16,98,15,220,12566,nr58.png,40,1,2.0,0.0,0.0,1,7,1
434,3,16,98,14,206,12826,nr53.png,41,1,4.0,0.0,0.0,-1,7,1
435,3,16,98,15,660,13074,nr58.png,42,1,3.0,0.0,0.0,1,7,1
436,3,16,98,9,304,13820,nr101.png,43,1,4.0,0.0,0.0,-2,7,1
437,3,16,98,5,250,14180,nr84.png,44,1,3.0,0.0,0.0,-2,7,1
438,3,16,98,6,110,14474,nr60.png,45,1,2.0,0.0,0.0,2,7,1
439,3,16,98,3,308,14630,nr107.png,46,1,2.0,0.0,0.0,-2,7,1
440,3,16,98,6,254,14986,nr60.png,47,1,3.0,0.0,0.0,2,7,1
441,3,16,98,7,218,15286,nr65.png,48,1,1.0,0.0,0.0,2,7,1
442,3,16,98,2,134,15554,nr1.png,49,1,3.0,0.0,0.0,-1,7,1
444,3,16,101,5,212,266,nr91.png,1,0,0.0,0.0,1.0,-1,6,1
445,3,16,101,6,172,528,nr93.png,2,0,0.0,0.0,0.0,2,6,1
446,3,16,101,10,146,736,nr19.png,3,0,0.0,0.0,0.0,0,6,1
447,3,16,101,15,154,1104,nr52.png,4,0,0.0,0.0,0.0,-3,6,1
448,3,16,101,13,334,1332,nr63.png,5,0,0.0,0.0,0.0,1,6,1
449,3,16,101,8,396,1728,nr100.png,6,0,0.0,0.0,0.0,-2,6,1
450,3,16,101,4,182,2190,nr20.png,7,0,0.0,0.0,0.0,-1,6,1
451,3,16,101,1,338,2428,nr53.png,8,0,0.0,0.0,0.0,-1,6,1
452,3,16,101,2,284,2838,nr88.png,9,0,0.0,0.0,0.0,1,6,1
453,3,16,101,1,150,3174,nr53.png,10,1,1.0,0.0,0.0,-1,6,1
454,3,16,101,5,224,3376,nr91.png,11,1,1.0,0.0,0.0,-1,6,1
455,3,16,101,9,180,3642,nr96.png,12,0,0.0,0.0,0.0,-1,6,1
456,3,16,101,6,213,3876,nr93.png,13,1,1.0,1.0,0.0,2,6,1
457,3,16,103,12,234,958,nr72.png,1,0,0.0,0.0,1.0,-1,1,1
458,3,16,103,13,184,1232,nr84.png,2,0,0.0,0.0,0.0,-2,1,1
459,3,16,103,14,156,1462,nr41.png,3,0,0.0,0.0,0.0,1,1,1
460,3,16,103,15,140,1658,nr2.png,4,0,0.0,0.0,0.0,0,1,1
461,3,16,103,14,36,1946,nr41.png,5,1,1.0,0.0,0.0,1,1,1
462,3,16,103,8,228,2042,nr45.png,6,0,0.0,0.0,0.0,-2,1,1
463,3,16,103,4,216,2312,nr124.png,7,0,0.0,0.0,0.0,-1,1,1
464,3,16,103,5,192,2568,nr10.png,8,0,0.0,0.0,0.0,1,1,1
465,3,16,103,6,146,2802,nr101.png,9,0,0.0,0.0,0.0,-2,1,1
466,3,16,103,7,144,2990,nr107.png,10,0,0.0,0.0,0.0,-2,1,1
467,3,16,103,3,194,3172,nr51.png,11,0,0.0,0.0,0.0,0,1,1
468,3,16,103,2,114,3416,nr27.png,12,0,0.0,0.0,0.0,-3,1,1
469,3,16,103,1,265,3574,nr87.png,13,0,0.0,1.0,0.0,3,1,1
470,3,16,112,9,96,414,nr113.png,1,0,0.0,0.0,1.0,-3,6,1
471,3,16,112,6,87,556,nr31.png,2,0,0.0,1.0,0.0,3,6,1
472,3,16,113,5,274,265,nr56.png,1,0,0.0,0.0,1.0,3,5,0
473,3,16,113,10,232,607,nr121.png,2,0,0.0,1.0,0.0,1,5,0
474,3,16,114,5,453,171,nr56.png,1,0,0.0,1.0,1.0,3,5,1
475,3,16,118,9,232,395,nr58.png,1,0,0.0,0.0,1.0,1,4,0
476,3,16,118,8,144,671,nr74.png,2,0,0.0,0.0,0.0,-2,4,0
477,3,16,118,4,208,857,nr57.png,3,0,0.0,0.0,0.0,3,4,0
478,3,16,118,8,96,1107,nr74.png,4,1,1.0,0.0,0.0,-2,4,0
479,3,16,118,12,172,1247,nr30.png,5,0,0.0,0.0,0.0,1,4,0
480,3,16,118,1,172,1495,nr124.png,6,0,0.0,0.0,0.0,-1,4,0
481,3,16,118,0,154,1715,nr106.png,7,0,0.0,0.0,0.0,-2,4,0
482,3,16,118,6,256,1927,nr113.png,8,0,0.0,0.0,0.0,-3,4,0
483,3,16,118,11,212,2225,nr93.png,9,0,0.0,0.0,0.0,2,4,0
484,3,16,118,14,148,2487,nr85.png,10,0,0.0,0.0,0.0,-2,4,0
485,3,16,118,7,108,2977,nr19.png,11,0,0.0,1.0,0.0,0,4,0
486,3,16,120,9,150,393,nr3.png,1,0,0.0,0.0,1.0,-1,7,1
487,3,16,120,2,222,599,nr50.png,2,0,0.0,0.0,0.0,1,7,1
488,3,16,120,5,160,873,nr9.png,3,0,0.0,0.0,0.0,1,7,1
489,3,16,120,4,186,1075,nr63.png,4,0,0.0,0.0,0.0,1,7,1
490,3,16,120,12,112,1497,nr18.png,5,0,0.0,0.0,0.0,1,7,1
491,3,16,120,13,172,1651,nr4.png,6,0,0.0,0.0,0.0,0,7,1
492,3,16,120,11,228,1887,nr69.png,7,0,0.0,0.0,0.0,1,7,1
493,3,16,120,10,122,2151,nr85.png,8,0,0.0,0.0,0.0,-2,7,1
494,3,16,120,14,126,2309,nr58.png,9,0,0.0,0.0,0.0,1,7,1
495,3,16,120,9,216,2483,nr3.png,10,1,1.0,0.0,0.0,-1,7,1
496,3,16,120,0,272,2923,nr124.png,11,0,0.0,0.0,0.0,-1,7,1
497,3,16,120,3,298,3265,nr27.png,12,0,0.0,0.0,0.0,-3,7,1
498,3,16,120,7,230,3627,nr65.png,13,0,0.0,0.0,0.0,2,7,1
499,3,16,120,4,156,3929,nr63.png,14,1,1.0,0.0,0.0,1,7,1
500,3,16,120,7,68,4161,nr65.png,15,1,1.0,1.0,0.0,2,7,1
501,3,16,121,5,232,169,nr107.png,1,0,0.0,0.0,1.0,-2,15,0
502,3,16,121,8,144,449,nr12.png,2,0,0.0,0.0,0.0,-3,15,0
503,3,16,121,6,298,657,nr125.png,3,0,0.0,0.0,0.0,-3,15,0
504,3,16,121,15,246,1019,nr56.png,4,0,0.0,0.0,0.0,3,15,0
505,3,16,121,14,125,1307,nr21.png,5,0,0.0,1.0,0.0,2,15,0
506,3,16,132,9,142,417,nr18.png,1,0,0.0,0.0,1.0,1,15,0
507,3,16,132,10,94,601,nr21.png,2,0,0.0,0.0,0.0,2,15,0
508,3,16,132,11,124,735,nr11.png,3,0,0.0,0.0,0.0,-2,15,0
509,3,16,132,1,324,923,nr106.png,4,0,0.0,0.0,0.0,-2,15,0
510,3,16,132,10,312,1307,nr21.png,5,1,1.0,0.0,0.0,2,15,0
511,3,16,132,13,150,1695,nr19.png,6,0,0.0,0.0,0.0,0,15,0
512,3,16,132,14,240,1891,nr2.png,7,0,0.0,0.0,0.0,0,15,0
513,3,16,132,13,202,2177,nr19.png,8,1,1.0,0.0,0.0,0,15,0
514,3,16,132,12,412,2421,nr54.png,9,0,0.0,0.0,0.0,1,15,0
515,3,16,132,4,210,2909,nr30.png,10,0,0.0,0.0,0.0,1,15,0
516,3,16,132,2,170,3201,nr94.png,11,0,0.0,0.0,0.0,-1,15,0
517,3,16,132,3,172,3411,nr88.png,12,0,0.0,0.0,0.0,1,15,0
518,3,16,132,7,184,3629,nr98.png,13,0,0.0,0.0,0.0,1,15,0
519,3,16,132,11,218,3855,nr11.png,14,1,1.0,0.0,0.0,-2,15,0
520,3,16,132,15,258,4115,nr41.png,15,0,0.0,0.0,0.0,1,15,0
521,3,16,132,7,158,4429,nr98.png,16,1,1.0,0.0,0.0,1,15,0
522,3,16,132,15,172,4639,nr41.png,17,1,1.0,0.0,0.0,1,15,0
523,3,16,132,10,170,4859,nr21.png,18,1,2.0,0.0,0.0,2,15,0
524,3,16,132,6,192,5057,nr120.png,19,0,0.0,0.0,0.0,-1,15,0
525,3,16,132,5,168,5293,nr76.png,20,0,0.0,0.0,0.0,0,15,0
526,3,16,132,4,202,5505,nr30.png,21,1,1.0,0.0,0.0,1,15,0
527,3,16,132,0,258,5747,nr99.png,22,0,0.0,0.0,0.0,-2,15,0
528,3,16,132,5,176,6053,nr76.png,23,1,1.0,0.0,0.0,0,15,0
529,3,16,132,8,224,6279,nr96.png,24,0,0.0,0.0,0.0,-1,15,0
530,3,16,132,2,240,6573,nr94.png,25,1,1.0,0.0,0.0,-1,15,0
531,3,16,132,1,224,6865,nr106.png,26,1,1.0,0.0,0.0,-2,15,0
532,3,16,132,6,300,7133,nr120.png,27,1,1.0,0.0,0.0,-1,15,0
533,3,16,132,9,244,7493,nr18.png,28,1,1.0,0.0,0.0,1,15,0
534,3,16,132,13,134,7773,nr19.png,29,1,2.0,0.0,0.0,0,15,0
535,3,16,132,14,296,8163,nr2.png,30,1,1.0,0.0,0.0,0,15,0
536,3,16,132,15,282,8507,nr41.png,31,1,2.0,0.0,0.0,1,15,0
537,3,16,132,10,228,8859,nr21.png,32,1,3.0,0.0,0.0,2,15,0
538,3,16,132,11,196,9127,nr11.png,33,1,2.0,0.0,0.0,-2,15,0
539,3,16,132,10,338,9365,nr21.png,34,1,4.0,1.0,0.0,2,15,0
540,3,16,137,5,446,75,nr114.png,1,0,0.0,0.0,1.0,-3,8,0
541,3,16,137,2,160,607,nr84.png,2,0,0.0,0.0,0.0,-2,8,0
542,3,16,137,7,206,815,nr74.png,3,0,0.0,0.0,0.0,-2,8,0
543,3,16,137,11,214,1065,nr113.png,4,0,0.0,0.0,0.0,-3,8,0
544,3,16,137,13,194,1345,nr19.png,5,0,0.0,0.0,0.0,0,8,0
545,3,16,137,12,328,1579,nr57.png,6,0,0.0,0.0,0.0,3,8,0
546,3,16,137,8,226,1963,nr65.png,7,0,0.0,0.0,0.0,2,8,0
547,3,16,137,4,222,2229,nr62.png,8,0,0.0,0.0,0.0,1,8,0
548,3,16,137,5,200,2507,nr114.png,9,1,1.0,0.0,0.0,-3,8,0
549,3,16,137,2,58,2773,nr84.png,10,1,1.0,0.0,0.0,-2,8,0
550,3,16,137,3,89,2871,nr28.png,11,0,0.0,1.0,0.0,-2,8,0
551,3,16,142,5,338,75,nr44.png,1,0,0.0,0.0,1.0,1,15,1
552,3,16,142,6,188,485,nr51.png,2,0,0.0,0.0,0.0,0,15,1
553,3,16,142,7,118,719,nr21.png,3,0,0.0,0.0,0.0,2,15,1
554,3,16,142,5,160,893,nr44.png,4,1,1.0,0.0,0.0,1,15,1
555,3,16,142,12,256,1107,nr121.png,5,0,0.0,0.0,0.0,1,15,1
556,3,16,142,13,136,1413,nr19.png,6,0,0.0,0.0,0.0,0,15,1
557,3,16,142,8,190,1597,nr45.png,7,0,0.0,0.0,0.0,-2,15,1
558,3,16,142,4,232,1817,nr8.png,8,0,0.0,0.0,0.0,-2,15,1
559,3,16,142,1,274,2097,nr124.png,9,0,0.0,0.0,0.0,-1,15,1
560,3,16,142,5,154,2403,nr44.png,10,1,2.0,0.0,0.0,1,15,1
561,3,16,142,3,280,2613,nr39.png,11,0,0.0,0.0,0.0,-1,15,1
562,3,16,142,7,162,2937,nr21.png,12,1,1.0,0.0,0.0,2,15,1
563,3,16,142,14,564,3153,nr98.png,13,0,0.0,0.0,0.0,1,15,1
564,3,16,142,15,386,3807,nr57.png,14,0,0.0,1.0,0.0,3,15,1
565,3,16,145,5,228,238,nr98.png,1,0,0.0,0.0,1.0,1,2,0
566,3,16,145,8,186,516,nr58.png,2,0,0.0,0.0,0.0,1,2,0
567,3,16,145,13,220,746,nr9.png,3,0,0.0,0.0,0.0,1,2,0
568,3,16,145,14,154,1018,nr57.png,4,0,0.0,0.0,0.0,3,2,0
569,3,16,145,15,212,1214,nr84.png,5,0,0.0,0.0,0.0,-2,2,0
570,3,16,145,14,82,1468,nr57.png,6,1,1.0,0.0,0.0,3,2,0
571,3,16,145,6,138,1894,nr85.png,7,0,0.0,0.0,0.0,-2,2,0
572,3,16,145,2,262,2074,nr55.png,8,0,0.0,0.0,0.0,3,2,0
573,3,16,145,3,140,2378,nr18.png,9,0,0.0,0.0,0.0,1,2,0
574,3,16,145,7,42,2562,nr89.png,10,0,0.0,1.0,0.0,-1,2,0
575,3,16,148,5,254,168,nr31.png,1,0,0.0,0.0,1.0,3,10,0
576,3,16,148,6,158,464,nr121.png,2,0,0.0,0.0,0.0,1,10,0
577,3,16,148,5,218,664,nr31.png,3,1,1.0,0.0,0.0,3,10,0
578,3,16,148,9,204,928,nr106.png,4,0,0.0,0.0,0.0,-2,10,0
579,3,16,148,10,100,1178,nr87.png,5,0,0.0,0.0,0.0,3,10,0
580,3,16,148,14,222,1308,nr46.png,6,0,0.0,0.0,0.0,1,10,0
581,3,16,148,10,262,1568,nr87.png,7,1,1.0,0.0,0.0,3,10,0
582,3,16,148,11,78,1874,nr18.png,8,0,0.0,0.0,0.0,1,10,0
583,3,16,148,3,218,2008,nr54.png,9,0,0.0,0.0,0.0,1,10,0
584,3,16,148,2,94,2268,nr83.png,10,0,0.0,0.0,0.0,1,10,0
585,3,16,148,4,282,2434,nr62.png,11,0,0.0,0.0,0.0,1,10,0
586,3,16,148,12,216,2778,nr7.png,12,0,0.0,0.0,0.0,1,10,0
587,3,16,148,14,102,3062,nr46.png,13,1,1.0,1.0,0.0,1,10,0
588,3,16,156,9,230,218,nr53.png,1,0,0.0,0.0,1.0,-1,10,1
589,3,16,156,10,597,492,nr57.png,2,0,0.0,1.0,0.0,3,10,1
590,3,16,159,5,202,185,nr51.png,1,0,0.0,0.0,1.0,0,3,0
591,3,16,159,9,124,417,nr95.png,2,0,0.0,0.0,0.0,-1,3,0
592,3,16,159,10,144,583,nr74.png,3,0,0.0,0.0,0.0,-2,3,0
593,3,16,159,13,262,781,nr12.png,4,0,0.0,0.0,0.0,-3,3,0
594,3,16,159,12,178,1093,nr85.png,5,0,0.0,0.0,0.0,-2,3,0
595,3,16,159,8,204,1309,nr2.png,6,0,0.0,0.0,0.0,0,3,0
596,3,16,159,4,176,1557,nr124.png,7,0,0.0,0.0,0.0,-1,3,0
597,3,16,159,0,56,1775,nr113.png,8,0,0.0,0.0,0.0,-3,3,0
598,3,16,159,1,134,1995,nr88.png,9,0,0.0,0.0,0.0,1,3,0
599,3,16,159,2,180,2173,nr10.png,10,0,0.0,0.0,0.0,1,3,0
600,3,16,159,3,276,2393,nr54.png,11,0,0.0,0.0,0.0,1,3,0
601,3,16,159,5,206,2735,nr51.png,12,1,1.0,0.0,0.0,0,3,0
602,3,16,159,7,230,3025,nr46.png,13,0,0.0,0.0,0.0,1,3,0
603,3,16,159,11,190,3303,nr107.png,14,0,0.0,0.0,0.0,-2,3,0
604,3,16,159,15,252,3525,nr20.png,15,0,0.0,0.0,0.0,-1,3,0
605,3,16,159,14,264,3815,nr90.png,16,0,0.0,0.0,0.0,-1,3,0
606,3,16,159,13,174,4303,nr12.png,17,1,1.0,0.0,0.0,-3,3,0
607,3,16,159,12,204,4519,nr85.png,18,1,1.0,0.0,0.0,-2,3,0
608,3,16,159,8,204,4759,nr2.png,19,1,1.0,0.0,0.0,0,3,0
609,3,16,159,10,748,5025,nr74.png,20,1,1.0,0.0,0.0,-2,3,0
610,3,16,159,9,158,6067,nr95.png,21,1,1.0,0.0,0.0,-1,3,0
611,3,16,159,5,196,6265,nr51.png,22,1,2.0,0.0,0.0,0,3,0
612,3,16,159,4,214,6513,nr124.png,23,1,1.0,0.0,0.0,-1,3,0
613,3,16,159,0,168,6765,nr113.png,24,1,1.0,0.0,0.0,-3,3,0
614,3,16,159,1,170,6973,nr88.png,25,1,1.0,0.0,0.0,1,3,0
615,3,16,159,2,190,7187,nr10.png,26,1,1.0,0.0,0.0,1,3,0
616,3,16,159,3,436,7421,nr54.png,27,1,1.0,0.0,0.0,1,3,0
617,3,16,159,7,310,7913,nr46.png,28,1,1.0,0.0,0.0,1,3,0
618,3,16,159,6,146,8271,nr120.png,29,0,0.0,0.0,0.0,-1,3,0
619,3,16,159,7,104,8457,nr46.png,30,1,2.0,0.0,0.0,1,3,0
620,3,16,159,14,214,8659,nr90.png,31,1,1.0,0.0,0.0,-1,3,0
621,3,16,159,6,178,9005,nr120.png,32,1,1.0,0.0,0.0,-1,3,0
622,3,16,159,5,100,9237,nr51.png,33,1,3.0,0.0,0.0,0,3,0
623,3,16,159,4,142,9377,nr124.png,34,1,2.0,0.0,0.0,-1,3,0
624,3,16,159,7,190,9589,nr46.png,35,1,3.0,0.0,0.0,1,3,0
625,3,16,159,11,99,9825,nr107.png,36,1,1.0,1.0,0.0,-2,3,0
626,3,16,160,9,150,436,nr60.png,1,0,0.0,0.0,1.0,2,9,0
627,3,16,160,11,196,638,nr84.png,2,0,0.0,0.0,0.0,-2,9,0
628,3,16,160,10,148,870,nr88.png,3,0,0.0,0.0,0.0,1,9,0
629,3,16,160,14,184,1052,nr27.png,4,0,0.0,0.0,0.0,-3,9,0
630,3,16,160,13,210,1290,nr14.png,5,0,0.0,0.0,0.0,-1,9,0
631,3,16,160,8,270,1544,nr52.png,6,0,0.0,0.0,0.0,-3,9,0
632,3,16,160,4,250,1874,nr9.png,7,0,0.0,0.0,0.0,1,9,0
633,3,16,160,5,134,2166,nr74.png,8,0,0.0,0.0,0.0,-2,9,0
634,3,16,160,6,198,2350,nr41.png,9,0,0.0,0.0,0.0,1,9,0
635,3,16,160,7,288,2592,nr30.png,10,0,0.0,0.0,0.0,1,9,0
636,3,16,160,3,204,2936,nr58.png,11,0,0.0,0.0,0.0,1,9,0
637,3,16,160,6,192,3186,nr41.png,12,1,1.0,0.0,0.0,1,9,0
638,3,16,160,7,212,3424,nr30.png,13,1,1.0,0.0,0.0,1,9,0
639,3,16,160,15,224,3828,nr1.png,14,0,0.0,0.0,0.0,-1,9,0
640,3,16,160,14,136,4102,nr27.png,15,1,1.0,0.0,0.0,-3,9,0
641,3,16,160,13,238,4282,nr14.png,16,1,1.0,0.0,0.0,-1,9,0
642,3,16,160,12,268,4568,nr96.png,17,0,0.0,0.0,0.0,-1,9,0
643,3,16,160,13,42,4886,nr14.png,18,1,2.0,0.0,0.0,-1,9,0
644,3,16,160,14,154,4964,nr27.png,19,1,2.0,0.0,0.0,-3,9,0
645,3,16,160,10,166,5150,nr88.png,20,1,1.0,0.0,0.0,1,9,0
646,3,16,160,9,176,5356,nr60.png,21,1,1.0,0.0,0.0,2,9,0
647,3,16,160,8,208,5576,nr52.png,22,1,1.0,0.0,0.0,-3,9,0
648,3,16,160,10,204,5840,nr88.png,23,1,2.0,0.0,0.0,1,9,0
649,3,16,160,11,126,6122,nr84.png,24,1,1.0,0.0,0.0,-2,9,0
650,3,16,160,7,182,6286,nr30.png,25,1,2.0,0.0,0.0,1,9,0
651,3,16,160,5,244,6526,nr74.png,26,1,1.0,0.0,0.0,-2,9,0
652,3,16,160,4,202,6816,nr9.png,27,1,1.0,0.0,0.0,1,9,0
653,3,16,160,0,162,7060,nr49.png,28,0,0.0,0.0,0.0,1,9,0
654,3,16,160,2,200,7278,nr75.png,29,0,0.0,0.0,0.0,1,9,0
655,3,16,160,3,238,7520,nr58.png,30,1,1.0,0.0,0.0,1,9,0
656,3,16,160,2,144,7798,nr75.png,31,1,1.0,0.0,0.0,1,9,0
657,3,16,160,3,47,7990,nr58.png,32,1,2.0,1.0,0.0,1,9,0
658,3,16,175,5,184,460,nr97.png,1,0,0.0,0.0,1.0,1,4,1
659,3,16,175,9,162,680,nr21.png,2,0,0.0,0.0,0.0,2,4,1
660,3,16,175,4,200,892,nr55.png,3,0,0.0,0.0,0.0,3,4,1
661,3,16,175,8,156,1132,nr9.png,4,0,0.0,0.0,0.0,1,4,1
662,3,16,175,9,154,1334,nr21.png,5,1,1.0,0.0,0.0,2,4,1
663,3,16,175,6,210,1554,nr14.png,6,0,0.0,0.0,0.0,-1,4,1
664,3,16,175,10,188,1812,nr98.png,7,0,0.0,0.0,0.0,1,4,1
665,3,16,175,14,182,2040,nr15.png,8,0,0.0,0.0,0.0,-2,4,1
666,3,16,175,15,180,2266,nr42.png,9,0,0.0,0.0,0.0,-3,4,1
667,3,16,175,7,236,2510,nr19.png,10,0,0.0,0.0,0.0,0,4,1
668,3,16,175,11,148,2788,nr46.png,11,0,0.0,0.0,0.0,1,4,1
669,3,16,175,12,160,3016,nr18.png,12,0,0.0,0.0,0.0,1,4,1
670,3,16,175,4,164,3270,nr55.png,13,1,1.0,1.0,0.0,3,4,1
671,3,16,177,6,222,173,nr87.png,1,0,0.0,0.0,1.0,3,4,0
672,3,16,177,10,168,433,nr12.png,2,0,0.0,0.0,0.0,-3,4,0
673,3,16,177,13,136,657,nr97.png,3,0,0.0,0.0,0.0,1,4,0
674,3,16,177,14,164,843,nr83.png,4,0,0.0,0.0,0.0,1,4,0
675,3,16,177,5,160,1065,nr76.png,5,0,0.0,0.0,0.0,0,4,0
676,3,16,177,4,184,1271,nr65.png,6,0,0.0,0.0,0.0,2,4,0
677,3,16,177,8,312,1497,nr7.png,7,0,0.0,0.0,0.0,1,4,0
678,3,16,177,11,346,1889,nr107.png,8,0,0.0,0.0,0.0,-2,4,0
679,3,16,177,13,212,2311,nr97.png,9,1,1.0,0.0,0.0,1,4,0
680,3,16,177,9,128,2563,nr28.png,10,0,0.0,0.0,0.0,-2,4,0
681,3,16,177,2,216,2755,nr4.png,11,0,0.0,0.0,0.0,0,4,0
682,3,16,177,3,96,3011,nr57.png,12,0,0.0,0.0,0.0,3,4,0
683,3,16,177,2,108,3151,nr4.png,13,1,1.0,0.0,0.0,0,4,0
684,3,16,177,1,174,3313,nr2.png,14,0,0.0,0.0,0.0,0,4,0
685,3,16,177,0,198,3527,nr8.png,15,0,0.0,1.0,0.0,-2,4,0
686,3,16,178,5,270,431,nr93.png,1,0,0.0,0.0,1.0,2,4,0
687,3,16,178,10,284,777,nr121.png,2,0,0.0,0.0,0.0,1,4,0
688,3,16,178,4,646,1223,nr31.png,3,0,0.0,0.0,0.0,3,4,0
689,3,16,178,5,78,1939,nr93.png,4,1,1.0,0.0,0.0,2,4,0
690,3,16,178,3,160,2083,nr124.png,5,0,0.0,0.0,0.0,-1,4,0
691,3,16,178,15,170,2305,nr7.png,6,0,0.0,0.0,0.0,1,4,0
692,3,16,178,14,162,2513,nr19.png,7,0,0.0,0.0,0.0,0,4,0
693,3,16,178,13,64,2719,nr1.png,8,0,0.0,1.0,0.0,-1,4,0
694,3,16,179,10,118,376,nr44.png,1,0,0.0,0.0,1.0,1,13,0
695,3,16,179,6,184,530,nr125.png,2,0,0.0,0.0,0.0,-3,13,0
696,3,16,179,5,232,760,nr107.png,3,0,0.0,0.0,0.0,-2,13,0
697,3,16,179,4,92,1034,nr80.png,4,0,0.0,0.0,0.0,0,13,0
698,3,16,179,0,122,1168,nr90.png,5,0,0.0,0.0,0.0,-1,13,0
699,3,16,179,1,158,1344,nr96.png,6,0,0.0,0.0,0.0,-1,13,0
700,3,16,179,2,160,1548,nr45.png,7,0,0.0,0.0,0.0,-2,13,0
701,3,16,179,3,146,1748,nr101.png,8,0,0.0,0.0,0.0,-2,13,0
702,3,16,179,7,246,1934,nr109.png,9,0,0.0,0.0,0.0,-1,13,0
703,3,16,179,11,222,2224,nr94.png,10,0,0.0,0.0,0.0,-1,13,0
704,3,16,179,13,336,2502,nr60.png,11,0,0.0,0.0,0.0,2,13,0
705,3,16,179,12,216,2914,nr98.png,12,0,0.0,0.0,0.0,1,13,0
706,3,16,179,13,276,3172,nr60.png,13,1,1.0,0.0,0.0,2,13,0
707,3,16,179,12,474,3496,nr98.png,14,1,1.0,0.0,0.0,1,13,0
708,3,16,179,8,120,4010,nr95.png,15,0,0.0,0.0,0.0,-1,13,0
709,3,16,179,10,196,4194,nr44.png,16,1,1.0,0.0,0.0,1,13,0
710,3,16,179,15,322,4442,nr48.png,17,0,0.0,0.0,0.0,-2,13,0
711,3,16,179,10,260,4838,nr44.png,18,1,2.0,0.0,0.0,1,13,0
712,3,16,179,6,23,5150,nr125.png,19,1,1.0,1.0,0.0,-3,13,0
713,3,16,188,5,110,454,nr75.png,1,0,0.0,0.0,1.0,1,6,0
714,3,16,188,6,250,602,nr57.png,2,0,0.0,0.0,0.0,3,6,0
715,3,16,188,4,196,910,nr121.png,3,0,0.0,0.0,0.0,1,6,0
716,3,16,188,9,338,1158,nr63.png,4,0,0.0,0.0,0.0,1,6,0
717,3,16,188,13,186,1564,nr113.png,5,0,0.0,0.0,0.0,-3,6,0
718,3,16,188,12,158,1796,nr125.png,6,0,0.0,0.0,0.0,-3,6,0
719,3,16,188,11,138,2040,nr97.png,7,0,0.0,0.0,0.0,1,6,0
720,3,16,188,7,126,2222,nr79.png,8,0,0.0,0.0,0.0,-2,6,0
721,3,16,188,3,128,2390,nr98.png,9,0,0.0,0.0,0.0,1,6,0
722,3,16,188,1,158,2568,nr65.png,10,0,0.0,1.0,0.0,2,6,0
723,3,16,190,6,140,460,nr112.png,1,0,0.0,0.0,1.0,-3,2,0
724,3,16,190,10,230,640,nr74.png,2,0,0.0,0.0,0.0,-2,2,0
725,3,16,190,13,196,926,nr84.png,3,0,0.0,0.0,0.0,-2,2,0
726,3,16,190,8,178,1172,nr69.png,4,0,0.0,0.0,0.0,1,2,0
727,3,16,190,4,218,1390,nr45.png,5,0,0.0,0.0,0.0,-2,2,0
728,3,16,190,0,154,1648,nr10.png,6,0,0.0,0.0,0.0,1,2,0
729,3,16,190,1,146,1858,nr81.png,7,0,0.0,0.0,0.0,-1,2,0
730,3,16,190,2,280,2050,nr56.png,8,0,0.0,0.0,0.0,3,2,0
731,3,16,190,3,57,2370,nr7.png,9,0,0.0,1.0,0.0,1,2,0
732,3,16,191,5,184,300,nr90.png,1,0,0.0,0.0,1.0,-1,10,1
733,3,16,191,10,79,528,nr56.png,2,0,0.0,1.0,0.0,3,10,1
734,3,16,193,9,160,427,nr56.png,1,0,0.0,0.0,1.0,3,9,0
735,3,16,193,8,200,639,nr97.png,2,0,0.0,1.0,0.0,1,9,0
736,3,16,197,5,264,166,nr89.png,1,0,0.0,0.0,1.0,-1,11,0
737,3,16,197,10,128,474,nr14.png,2,0,0.0,0.0,0.0,-1,11,0
738,3,16,197,11,204,646,nr56.png,3,0,0.0,0.0,0.0,3,11,0
739,3,16,197,7,132,900,nr84.png,4,0,0.0,1.0,0.0,-2,11,0
740,3,16,198,10,230,477,nr62.png,1,0,0.0,0.0,1.0,1,3,0
741,3,16,198,9,100,757,nr53.png,2,0,0.0,0.0,0.0,-1,3,0
742,3,16,198,13,220,897,nr28.png,3,0,0.0,0.0,0.0,-2,3,0
743,3,16,198,8,184,1161,nr92.png,4,0,0.0,0.0,0.0,-3,3,0
744,3,16,198,4,176,1395,nr83.png,5,0,0.0,0.0,0.0,1,3,0
745,3,16,198,0,152,1607,nr20.png,6,0,0.0,0.0,0.0,-1,3,0
746,3,16,198,1,242,1803,nr111.png,7,0,0.0,0.0,0.0,-3,3,0
747,3,16,198,2,104,2089,nr94.png,8,0,0.0,0.0,0.0,-1,3,0
748,3,16,198,3,80,2229,nr65.png,9,0,0.0,0.0,0.0,2,3,0
749,3,16,198,7,132,2507,nr42.png,10,0,0.0,0.0,0.0,-3,3,0
750,3,16,198,3,106,2671,nr65.png,11,1,1.0,0.0,0.0,2,3,0
751,3,16,198,6,216,2833,nr106.png,12,0,0.0,0.0,0.0,-2,3,0
752,3,16,198,5,122,3101,nr76.png,13,0,0.0,0.0,0.0,0,3,0
753,3,16,198,10,206,3275,nr62.png,14,1,1.0,0.0,0.0,1,3,0
754,3,16,198,15,188,3525,nr113.png,15,0,0.0,0.0,0.0,-3,3,0
755,3,16,198,11,202,3753,nr58.png,16,0,0.0,0.0,0.0,1,3,0
756,3,16,198,7,143,4001,nr42.png,17,1,1.0,1.0,0.0,-3,3,0
