subject,setsize,trial,item,dur,onset,stimulus,gaze_num,is_returning,returning_gaze_count,is_last,is_first,item_value,choice,is_last_to_choice
7,25,4,12,336.0,75.0,nr8.png,1.0,0.0,0.0,0.0,1.0,1.0,17,1.0
7,25,4,1,178.0,625.0,nr62.png,2.0,0.0,0.0,0.0,0.0,2.0,17,1.0
7,25,4,0,358.0,849.0,nr69.png,3.0,0.0,0.0,0.0,0.0,0.0,17,1.0
7,25,4,3,404.0,1277.0,nr63.png,4.0,0.0,0.0,0.0,0.0,1.0,17,1.0
7,25,4,4,202.0,1743.0,nr45.png,5.0,0.0,0.0,0.0,0.0,1.0,17,1.0
7,25,4,9,208.0,1983.0,nr54.png,6.0,0.0,0.0,0.0,0.0,1.0,17,1.0
7,25,4,8,304.0,2227.0,nr28.png,7.0,0.0,0.0,0.0,0.0,3.0,17,1.0
7,25,4,7,364.0,2579.0,nr39.png,8.0,0.0,0.0,0.0,0.0,3.0,17,1.0
7,25,4,5,204.0,3179.0,nr9.png,9.0,0.0,0.0,0.0,0.0,3.0,17,1.0
7,25,4,10,230.0,3421.0,nr111.png,10.0,0.0,0.0,0.0,0.0,-1.0,17,1.0
7,25,4,11,210.0,3685.0,nr44.png,11.0,0.0,0.0,0.0,0.0,1.0,17,1.0
7,25,4,13,344.0,3941.0,nr95.png,12.0,0.0,0.0,0.0,0.0,2.0,17,1.0
7,25,4,14,168.0,4351.0,nr20.png,13.0,0.0,0.0,0.0,0.0,2.0,17,1.0
7,25,4,19,140.0,4553.0,nr49.png,14.0,0.0,0.0,0.0,0.0,1.0,17,1.0
7,25,4,18,268.0,4725.0,nr50.png,15.0,0.0,0.0,0.0,0.0,2.0,17,1.0
7,25,4,23,148.0,5025.0,nr15.png,16.0,0.0,0.0,0.0,0.0,2.0,17,1.0
7,25,4,22,132.0,5213.0,nr120.png,17.0,0.0,0.0,0.0,0.0,1.0,17,1.0
7,25,4,21,526.0,5379.0,nr125.png,18.0,0.0,0.0,0.0,0.0,1.0,17,1.0
7,25,4,24,354.0,6007.0,nr80.png,19.0,0.0,0.0,0.0,0.0,-2.0,17,1.0
7,25,4,18,182.0,6423.0,nr50.png,20.0,1.0,1.0,0.0,0.0,2.0,17,1.0
7,25,4,17,378.0,6649.0,nr57.png,21.0,0.0,0.0,0.0,0.0,2.0,17,1.0
7,25,4,16,184.0,7085.0,nr58.png,22.0,0.0,0.0,0.0,0.0,3.0,17,1.0
7,25,4,17,361.0,7303.0,nr57.png,23.0,1.0,1.0,1.0,0.0,2.0,17,1.0
7,25,8,12,112.0,75.0,nr75.png,1.0,0.0,0.0,0.0,1.0,3.0,7,0.0
7,25,8,6,138.0,227.0,nr20.png,2.0,0.0,0.0,0.0,0.0,2.0,7,0.0
7,25,8,1,76.0,411.0,nr65.png,3.0,0.0,0.0,0.0,0.0,2.0,7,0.0
7,25,8,0,456.0,529.0,nr112.png,4.0,0.0,0.0,0.0,0.0,-1.0,7,0.0
7,25,8,1,166.0,1041.0,nr65.png,5.0,1.0,1.0,0.0,0.0,2.0,7,0.0
7,25,8,2,412.0,1249.0,nr79.png,6.0,0.0,0.0,0.0,0.0,2.0,7,0.0
7,25,8,4,220.0,1735.0,nr87.png,7.0,0.0,0.0,0.0,0.0,3.0,7,0.0
7,25,8,2,164.0,2003.0,nr79.png,8.0,1.0,1.0,0.0,0.0,2.0,7,0.0
7,25,8,4,646.0,2221.0,nr87.png,9.0,1.0,1.0,0.0,0.0,3.0,7,0.0
7,25,8,9,228.0,2919.0,nr85.png,10.0,0.0,0.0,0.0,0.0,1.0,7,0.0
7,25,8,8,148.0,3185.0,nr7.png,11.0,0.0,0.0,0.0,0.0,1.0,7,0.0
7,25,8,6,254.0,3381.0,nr20.png,12.0,1.0,1.0,0.0,0.0,2.0,7,0.0
7,25,8,7,346.0,3701.0,nr9.png,13.0,0.0,0.0,0.0,0.0,3.0,7,0.0
7,25,8,10,282.0,4101.0,nr98.png,14.0,0.0,0.0,0.0,0.0,1.0,7,0.0
7,25,8,11,118.0,4423.0,nr28.png,15.0,0.0,0.0,0.0,0.0,3.0,7,0.0
7,25,8,12,230.0,4573.0,nr75.png,16.0,1.0,1.0,0.0,0.0,3.0,7,0.0
7,25,8,14,224.0,4855.0,nr63.png,17.0,0.0,0.0,0.0,0.0,1.0,7,0.0
7,25,8,13,186.0,5119.0,nr92.png,18.0,0.0,0.0,0.0,0.0,3.0,7,0.0
7,25,8,16,276.0,5357.0,nr111.png,19.0,0.0,0.0,0.0,0.0,-1.0,7,0.0
7,25,8,17,148.0,5663.0,nr102.png,20.0,0.0,0.0,0.0,0.0,2.0,7,0.0
7,25,8,22,162.0,5845.0,nr58.png,21.0,0.0,0.0,0.0,0.0,3.0,7,0.0
7,25,8,23,196.0,6051.0,nr72.png,22.0,0.0,0.0,1.0,0.0,1.0,7,0.0
7,25,9,12,314.0,77.0,nr79.png,1.0,0.0,0.0,0.0,1.0,2.0,7,0.0
7,25,9,1,160.0,447.0,nr74.png,2.0,0.0,0.0,0.0,0.0,1.0,7,0.0
7,25,9,0,206.0,651.0,nr95.png,3.0,0.0,0.0,0.0,0.0,2.0,7,0.0
7,25,9,2,140.0,903.0,nr109.png,4.0,0.0,0.0,0.0,0.0,1.0,7,0.0
7,25,9,1,198.0,1073.0,nr74.png,5.0,1.0,1.0,0.0,0.0,1.0,7,0.0
7,25,9,3,254.0,1319.0,nr106.png,6.0,0.0,0.0,0.0,0.0,-1.0,7,0.0
7,25,9,4,404.0,1611.0,nr9.png,7.0,0.0,0.0,0.0,0.0,3.0,7,0.0
7,25,9,8,488.0,2075.0,nr87.png,8.0,0.0,0.0,0.0,0.0,3.0,7,0.0
7,25,9,7,258.0,2639.0,nr81.png,9.0,0.0,0.0,0.0,0.0,2.0,7,0.0
7,25,9,6,160.0,2941.0,nr20.png,10.0,0.0,0.0,0.0,0.0,2.0,7,0.0
7,25,9,7,274.0,3137.0,nr81.png,11.0,1.0,1.0,0.0,0.0,2.0,7,0.0
7,25,9,6,226.0,3561.0,nr20.png,12.0,1.0,1.0,0.0,0.0,2.0,7,0.0
7,25,9,5,132.0,3825.0,nr49.png,13.0,0.0,0.0,0.0,0.0,1.0,7,0.0
7,25,9,12,270.0,4011.0,nr79.png,14.0,1.0,1.0,0.0,0.0,2.0,7,0.0
7,25,9,19,298.0,4361.0,nr57.png,15.0,0.0,0.0,0.0,0.0,2.0,7,0.0
7,25,9,24,234.0,4715.0,nr91.png,16.0,0.0,0.0,0.0,0.0,3.0,7,0.0
7,25,9,23,162.0,4999.0,nr121.png,17.0,0.0,0.0,0.0,0.0,2.0,7,0.0
7,25,9,21,294.0,5209.0,nr2.png,18.0,0.0,0.0,0.0,0.0,2.0,7,0.0
7,25,9,20,200.0,5565.0,nr111.png,19.0,0.0,0.0,1.0,0.0,-1.0,7,0.0
7,25,10,12,80.0,75.0,nr85.png,1.0,0.0,0.0,0.0,1.0,1.0,21,1.0
7,25,10,7,194.0,199.0,nr84.png,2.0,0.0,0.0,0.0,0.0,1.0,21,1.0
7,25,10,0,180.0,451.0,nr42.png,3.0,0.0,0.0,0.0,0.0,2.0,21,1.0
7,25,10,1,174.0,665.0,nr4.png,4.0,0.0,0.0,0.0,0.0,0.0,21,1.0
7,25,10,2,252.0,875.0,nr41.png,5.0,0.0,0.0,0.0,0.0,1.0,21,1.0
7,25,10,3,270.0,1173.0,nr83.png,6.0,0.0,0.0,0.0,0.0,0.0,21,1.0
7,25,10,4,244.0,1509.0,nr48.png,7.0,0.0,0.0,0.0,0.0,0.0,21,1.0
7,25,10,9,160.0,1791.0,nr20.png,8.0,0.0,0.0,0.0,0.0,2.0,21,1.0
7,25,10,6,380.0,2019.0,nr10.png,9.0,0.0,0.0,0.0,0.0,2.0,21,1.0
7,25,10,10,274.0,2463.0,nr7.png,10.0,0.0,0.0,0.0,0.0,1.0,21,1.0
7,25,10,14,202.0,2829.0,nr76.png,11.0,0.0,0.0,0.0,0.0,2.0,21,1.0
7,25,10,13,212.0,3059.0,nr31.png,12.0,0.0,0.0,0.0,0.0,2.0,21,1.0
7,25,10,14,260.0,3311.0,nr76.png,13.0,1.0,1.0,0.0,0.0,2.0,21,1.0
7,25,10,17,172.0,3629.0,nr52.png,14.0,0.0,0.0,0.0,0.0,2.0,21,1.0
7,25,10,15,282.0,3869.0,nr124.png,15.0,0.0,0.0,0.0,0.0,2.0,21,1.0
7,25,10,17,250.0,4197.0,nr52.png,16.0,1.0,1.0,0.0,0.0,2.0,21,1.0
7,25,10,21,224.0,4511.0,nr97.png,17.0,0.0,0.0,0.0,0.0,3.0,21,1.0
7,25,10,22,114.0,4775.0,nr53.png,18.0,0.0,0.0,0.0,0.0,3.0,21,1.0
7,25,10,21,127.0,4929.0,nr97.png,19.0,1.0,1.0,1.0,0.0,3.0,21,1.0
7,25,16,12,106.0,77.0,nr74.png,1.0,0.0,0.0,0.0,1.0,1.0,21,1.0
7,25,16,7,124.0,231.0,nr3.png,2.0,0.0,0.0,0.0,0.0,1.0,21,1.0
7,25,16,6,104.0,395.0,nr21.png,3.0,0.0,0.0,0.0,0.0,-3.0,21,1.0
7,25,16,1,206.0,531.0,nr58.png,4.0,0.0,0.0,0.0,0.0,3.0,21,1.0
7,25,16,0,234.0,777.0,nr30.png,5.0,0.0,0.0,0.0,0.0,-1.0,21,1.0
7,25,16,3,380.0,1075.0,nr31.png,6.0,0.0,0.0,0.0,0.0,2.0,21,1.0
7,25,16,4,186.0,1517.0,nr51.png,7.0,0.0,0.0,0.0,0.0,1.0,21,1.0
7,25,16,9,366.0,1741.0,nr2.png,8.0,0.0,0.0,0.0,0.0,2.0,21,1.0
7,25,16,14,228.0,2141.0,nr109.png,9.0,0.0,0.0,0.0,0.0,1.0,21,1.0
7,25,16,11,264.0,2425.0,nr112.png,10.0,0.0,0.0,0.0,0.0,-1.0,21,1.0
7,25,16,19,110.0,2879.0,nr65.png,11.0,0.0,0.0,0.0,0.0,2.0,21,1.0
7,25,16,17,186.0,3039.0,nr95.png,12.0,0.0,0.0,0.0,0.0,2.0,21,1.0
7,25,16,16,192.0,3261.0,nr106.png,13.0,0.0,0.0,0.0,0.0,-1.0,21,1.0
7,25,16,21,244.0,3483.0,nr87.png,14.0,0.0,0.0,0.0,0.0,3.0,21,1.0
7,25,16,10,358.0,3785.0,nr125.png,15.0,0.0,0.0,0.0,0.0,1.0,21,1.0
7,25,16,15,104.0,4205.0,nr80.png,16.0,0.0,0.0,0.0,0.0,-2.0,21,1.0
7,25,16,9,336.0,4383.0,nr2.png,17.0,1.0,1.0,0.0,0.0,2.0,21,1.0
7,25,16,8,278.0,4785.0,nr69.png,18.0,0.0,0.0,0.0,0.0,0.0,21,1.0
7,25,16,7,178.0,5097.0,nr3.png,19.0,1.0,1.0,0.0,0.0,1.0,21,1.0
7,25,16,11,126.0,5323.0,nr112.png,20.0,1.0,1.0,0.0,0.0,-1.0,21,1.0
7,25,16,15,380.0,5481.0,nr80.png,21.0,1.0,1.0,0.0,0.0,-2.0,21,1.0
7,25,16,16,260.0,5915.0,nr106.png,22.0,1.0,1.0,0.0,0.0,-1.0,21,1.0
7,25,16,17,182.0,6221.0,nr95.png,23.0,1.0,1.0,0.0,0.0,2.0,21,1.0
7,25,16,14,122.0,6463.0,nr109.png,24.0,1.0,1.0,0.0,0.0,1.0,21,1.0
7,25,16,9,340.0,6615.0,nr2.png,25.0,1.0,2.0,0.0,0.0,2.0,21,1.0
7,25,16,8,200.0,6997.0,nr69.png,26.0,1.0,1.0,0.0,0.0,0.0,21,1.0
7,25,16,4,350.0,7245.0,nr51.png,27.0,1.0,1.0,0.0,0.0,1.0,21,1.0
7,25,16,7,204.0,7647.0,nr3.png,28.0,1.0,2.0,0.0,0.0,1.0,21,1.0
7,25,16,6,218.0,7909.0,nr21.png,29.0,1.0,1.0,0.0,0.0,-3.0,21,1.0
7,25,16,21,474.0,8181.0,nr87.png,30.0,1.0,1.0,1.0,0.0,3.0,21,1.0
7,25,29,12,378.0,76.0,nr114.png,1.0,0.0,0.0,0.0,1.0,1.0,22,0.0
7,25,29,1,200.0,512.0,nr79.png,2.0,0.0,0.0,0.0,0.0,2.0,22,0.0
7,25,29,0,280.0,768.0,nr49.png,3.0,0.0,0.0,0.0,0.0,1.0,22,0.0
7,25,29,1,192.0,1082.0,nr79.png,4.0,1.0,1.0,0.0,0.0,2.0,22,0.0
7,25,29,2,192.0,1308.0,nr57.png,5.0,0.0,0.0,0.0,0.0,2.0,22,0.0
7,25,29,1,538.0,1546.0,nr79.png,6.0,1.0,2.0,0.0,0.0,2.0,22,0.0
7,25,29,2,380.0,2126.0,nr57.png,7.0,1.0,1.0,0.0,0.0,2.0,22,0.0
7,25,29,1,172.0,2546.0,nr79.png,8.0,1.0,3.0,0.0,0.0,2.0,22,0.0
7,25,29,2,142.0,2752.0,nr57.png,9.0,1.0,2.0,0.0,0.0,2.0,22,0.0
7,25,29,4,170.0,2950.0,nr1.png,10.0,0.0,0.0,0.0,0.0,1.0,22,0.0
7,25,29,3,178.0,3158.0,nr76.png,11.0,0.0,0.0,0.0,0.0,2.0,22,0.0
7,25,29,13,148.0,3564.0,nr18.png,12.0,0.0,0.0,0.0,0.0,3.0,22,0.0
7,25,29,22,1234.0,3764.0,nr58.png,13.0,0.0,0.0,0.0,0.0,3.0,22,0.0
7,25,29,21,334.0,5082.0,nr28.png,14.0,0.0,0.0,0.0,0.0,3.0,22,0.0
7,25,29,20,131.0,5474.0,nr3.png,15.0,0.0,0.0,1.0,0.0,1.0,22,0.0
7,25,34,12,504.0,76.0,nr54.png,1.0,0.0,0.0,0.0,1.0,1.0,22,1.0
7,25,34,1,368.0,640.0,nr90.png,2.0,0.0,0.0,0.0,0.0,-2.0,22,1.0
7,25,34,0,502.0,1072.0,nr12.png,3.0,0.0,0.0,0.0,0.0,2.0,22,1.0
7,25,34,2,372.0,1618.0,nr50.png,4.0,0.0,0.0,0.0,0.0,2.0,22,1.0
7,25,34,1,254.0,3156.0,nr90.png,5.0,1.0,1.0,0.0,0.0,-2.0,22,1.0
7,25,34,6,416.0,3446.0,nr114.png,6.0,0.0,0.0,0.0,0.0,1.0,22,1.0
7,25,34,11,286.0,3896.0,nr125.png,7.0,0.0,0.0,0.0,0.0,1.0,22,1.0
7,25,34,10,366.0,4220.0,nr9.png,8.0,0.0,0.0,0.0,0.0,3.0,22,1.0
7,25,34,15,190.0,4620.0,nr95.png,9.0,0.0,0.0,0.0,0.0,2.0,22,1.0
7,25,34,17,568.0,4858.0,nr80.png,10.0,0.0,0.0,0.0,0.0,-2.0,22,1.0
7,25,34,19,262.0,5510.0,nr65.png,11.0,0.0,0.0,0.0,0.0,2.0,22,1.0
7,25,34,18,172.0,5814.0,nr69.png,12.0,0.0,0.0,0.0,0.0,0.0,22,1.0
7,25,34,14,268.0,6042.0,nr89.png,13.0,0.0,0.0,0.0,0.0,2.0,22,1.0
7,25,34,9,224.0,6340.0,nr76.png,14.0,0.0,0.0,0.0,0.0,2.0,22,1.0
7,25,34,4,182.0,6606.0,nr18.png,15.0,0.0,0.0,0.0,0.0,3.0,22,1.0
7,25,34,3,190.0,6828.0,nr74.png,16.0,0.0,0.0,0.0,0.0,1.0,22,1.0
7,25,34,1,152.0,7078.0,nr90.png,17.0,1.0,2.0,0.0,0.0,-2.0,22,1.0
7,25,34,0,198.0,7256.0,nr12.png,18.0,1.0,1.0,0.0,0.0,2.0,22,1.0
7,25,34,1,276.0,7488.0,nr90.png,19.0,1.0,3.0,0.0,0.0,-2.0,22,1.0
7,25,34,16,338.0,7828.0,nr51.png,20.0,0.0,0.0,0.0,0.0,1.0,22,1.0
7,25,34,21,174.0,8196.0,nr56.png,21.0,0.0,0.0,0.0,0.0,2.0,22,1.0
7,25,34,20,350.0,8412.0,nr60.png,22.0,0.0,0.0,0.0,0.0,2.0,22,1.0
7,25,34,15,196.0,8796.0,nr95.png,23.0,1.0,1.0,0.0,0.0,2.0,22,1.0
7,25,34,10,248.0,9030.0,nr9.png,24.0,1.0,1.0,0.0,0.0,3.0,22,1.0
7,25,34,5,386.0,9316.0,nr121.png,25.0,0.0,0.0,0.0,0.0,2.0,22,1.0
7,25,34,2,276.0,9766.0,nr50.png,26.0,1.0,1.0,0.0,0.0,2.0,22,1.0
7,25,34,3,190.0,10086.0,nr74.png,27.0,1.0,1.0,0.0,0.0,1.0,22,1.0
7,25,34,2,660.0,10336.0,nr50.png,28.0,1.0,2.0,0.0,0.0,2.0,22,1.0
7,25,34,7,202.0,11052.0,nr120.png,29.0,0.0,0.0,0.0,0.0,1.0,22,1.0
7,25,34,12,236.0,11288.0,nr54.png,30.0,1.0,1.0,0.0,0.0,1.0,22,1.0
7,25,34,17,292.0,11556.0,nr80.png,31.0,1.0,1.0,0.0,0.0,-2.0,22,1.0
7,25,34,12,648.0,11902.0,nr54.png,32.0,1.0,2.0,0.0,0.0,1.0,22,1.0
7,25,34,22,443.0,12594.0,nr84.png,33.0,0.0,0.0,1.0,0.0,1.0,22,1.0
7,25,35,12,360.0,74.0,nr81.png,1.0,0.0,0.0,0.0,1.0,2.0,8,0.0
7,25,35,6,226.0,666.0,nr94.png,2.0,0.0,0.0,0.0,0.0,-2.0,8,0.0
7,25,35,3,150.0,950.0,nr91.png,3.0,0.0,0.0,0.0,0.0,3.0,8,0.0
7,25,35,2,344.0,1142.0,nr46.png,4.0,0.0,0.0,0.0,0.0,-1.0,8,0.0
7,25,35,1,230.0,1530.0,nr100.png,5.0,0.0,0.0,0.0,0.0,3.0,8,0.0
7,25,35,0,274.0,1804.0,nr102.png,6.0,0.0,0.0,0.0,0.0,2.0,8,0.0
7,25,35,6,122.0,2118.0,nr94.png,7.0,1.0,1.0,0.0,0.0,-2.0,8,0.0
7,25,35,5,344.0,2274.0,nr74.png,8.0,0.0,0.0,0.0,0.0,1.0,8,0.0
7,25,35,10,164.0,2658.0,nr109.png,9.0,0.0,0.0,0.0,0.0,1.0,8,0.0
7,25,35,9,288.0,2930.0,nr84.png,10.0,0.0,0.0,0.0,0.0,1.0,8,0.0
7,25,35,19,320.0,3256.0,nr65.png,11.0,0.0,0.0,0.0,0.0,2.0,8,0.0
7,25,35,24,136.0,3634.0,nr18.png,12.0,0.0,0.0,0.0,0.0,3.0,8,0.0
7,25,35,23,160.0,3796.0,nr89.png,13.0,0.0,0.0,0.0,0.0,2.0,8,0.0
7,25,35,21,204.0,4222.0,nr113.png,14.0,0.0,0.0,0.0,0.0,0.0,8,0.0
7,25,35,20,224.0,4468.0,nr96.png,15.0,0.0,0.0,0.0,0.0,2.0,8,0.0
7,25,35,22,228.0,4744.0,nr50.png,16.0,0.0,0.0,0.0,0.0,2.0,8,0.0
7,25,35,17,126.0,5020.0,nr15.png,17.0,0.0,0.0,0.0,0.0,2.0,8,0.0
7,25,35,16,392.0,5174.0,nr20.png,18.0,0.0,0.0,0.0,0.0,2.0,8,0.0
7,25,35,17,226.0,5612.0,nr15.png,19.0,1.0,1.0,0.0,0.0,2.0,8,0.0
7,25,35,12,304.0,6008.0,nr81.png,20.0,1.0,1.0,0.0,0.0,2.0,8,0.0
7,25,35,11,242.0,6356.0,nr56.png,21.0,0.0,0.0,0.0,0.0,2.0,8,0.0
7,25,35,15,366.0,6638.0,nr11.png,22.0,0.0,0.0,0.0,0.0,2.0,8,0.0
7,25,35,9,150.0,7100.0,nr84.png,23.0,1.0,1.0,0.0,0.0,1.0,8,0.0
7,25,35,8,336.0,7272.0,nr19.png,24.0,0.0,0.0,0.0,0.0,2.0,8,0.0
7,25,35,9,200.0,7646.0,nr84.png,25.0,1.0,2.0,1.0,0.0,1.0,8,0.0
7,25,43,12,314.0,75.0,nr79.png,1.0,0.0,0.0,0.0,1.0,2.0,6,1.0
7,25,43,1,224.0,443.0,nr2.png,2.0,0.0,0.0,0.0,0.0,2.0,6,1.0
7,25,43,12,132.0,713.0,nr79.png,3.0,1.0,1.0,0.0,0.0,2.0,6,1.0
7,25,43,11,196.0,883.0,nr94.png,4.0,0.0,0.0,0.0,0.0,-2.0,6,1.0
7,25,43,15,252.0,1123.0,nr11.png,5.0,0.0,0.0,0.0,0.0,2.0,6,1.0
7,25,43,20,204.0,1409.0,nr72.png,6.0,0.0,0.0,0.0,0.0,1.0,6,1.0
7,25,43,21,184.0,1653.0,nr96.png,7.0,0.0,0.0,0.0,0.0,2.0,6,1.0
7,25,43,5,100.0,2101.0,nr41.png,8.0,0.0,0.0,0.0,0.0,1.0,6,1.0
7,25,43,0,188.0,2237.0,nr54.png,9.0,0.0,0.0,0.0,0.0,1.0,6,1.0
7,25,43,2,458.0,2477.0,nr51.png,10.0,0.0,0.0,0.0,0.0,1.0,6,1.0
7,25,43,7,286.0,2985.0,nr69.png,11.0,0.0,0.0,0.0,0.0,0.0,6,1.0
7,25,43,22,316.0,3325.0,nr42.png,12.0,0.0,0.0,0.0,0.0,2.0,6,1.0
7,25,43,23,104.0,3689.0,nr50.png,13.0,0.0,0.0,0.0,0.0,2.0,6,1.0
7,25,43,3,446.0,3863.0,nr125.png,14.0,0.0,0.0,0.0,0.0,1.0,6,1.0
7,25,43,23,488.0,4393.0,nr50.png,15.0,1.0,1.0,0.0,0.0,2.0,6,1.0
7,25,43,24,230.0,4921.0,nr89.png,16.0,0.0,0.0,0.0,0.0,2.0,6,1.0
7,25,43,19,226.0,5187.0,nr88.png,17.0,0.0,0.0,0.0,0.0,0.0,6,1.0
7,25,43,9,164.0,5473.0,nr99.png,18.0,0.0,0.0,0.0,0.0,2.0,6,1.0
7,25,43,4,208.0,5671.0,nr90.png,19.0,0.0,0.0,0.0,0.0,-2.0,6,1.0
7,25,43,11,368.0,5947.0,nr94.png,20.0,1.0,1.0,0.0,0.0,-2.0,6,1.0
7,25,43,12,310.0,6379.0,nr79.png,21.0,1.0,2.0,0.0,0.0,2.0,6,1.0
7,25,43,7,122.0,6731.0,nr69.png,22.0,1.0,1.0,0.0,0.0,0.0,6,1.0
7,25,43,6,234.0,6883.0,nr63.png,23.0,0.0,0.0,0.0,0.0,1.0,6,1.0
7,25,43,10,304.0,7157.0,nr124.png,24.0,0.0,0.0,0.0,0.0,2.0,6,1.0
7,25,43,5,298.0,7519.0,nr41.png,25.0,1.0,1.0,0.0,0.0,1.0,6,1.0
7,25,43,13,566.0,7885.0,nr113.png,26.0,0.0,0.0,0.0,0.0,0.0,6,1.0
7,25,43,14,146.0,8733.0,nr76.png,27.0,0.0,0.0,0.0,0.0,2.0,6,1.0
7,25,43,7,480.0,9827.0,nr69.png,28.0,1.0,2.0,0.0,0.0,0.0,6,1.0
7,25,43,1,286.0,10501.0,nr2.png,29.0,1.0,1.0,0.0,0.0,2.0,6,1.0
7,25,43,6,222.0,10827.0,nr63.png,30.0,1.0,1.0,0.0,0.0,1.0,6,1.0
7,25,43,8,120.0,11129.0,nr3.png,31.0,0.0,0.0,0.0,0.0,1.0,6,1.0
7,25,43,6,105.0,11323.0,nr63.png,32.0,1.0,2.0,1.0,0.0,1.0,6,1.0
7,25,46,12,304.0,76.0,nr100.png,1.0,0.0,0.0,0.0,1.0,3.0,23,0.0
7,25,46,1,160.0,442.0,nr106.png,2.0,0.0,0.0,0.0,0.0,-1.0,23,0.0
7,25,46,0,266.0,638.0,nr49.png,3.0,0.0,0.0,0.0,0.0,1.0,23,0.0
7,25,46,3,218.0,966.0,nr99.png,4.0,0.0,0.0,0.0,0.0,2.0,23,0.0
7,25,46,4,762.0,1222.0,nr92.png,5.0,0.0,0.0,0.0,0.0,3.0,23,0.0
7,25,46,5,260.0,2224.0,nr75.png,6.0,0.0,0.0,0.0,0.0,3.0,23,0.0
7,25,46,6,156.0,2516.0,nr56.png,7.0,0.0,0.0,0.0,0.0,2.0,23,0.0
7,25,46,13,300.0,2726.0,nr111.png,8.0,0.0,0.0,0.0,0.0,-1.0,23,0.0
7,25,46,14,82.0,3090.0,nr12.png,9.0,0.0,0.0,0.0,0.0,2.0,23,0.0
7,25,46,17,154.0,3424.0,nr89.png,10.0,0.0,0.0,0.0,0.0,2.0,23,0.0
7,25,46,23,304.0,3616.0,nr57.png,11.0,0.0,0.0,0.0,0.0,2.0,23,0.0
7,25,46,21,288.0,3972.0,nr91.png,12.0,0.0,0.0,0.0,0.0,3.0,23,0.0
7,25,46,22,69.0,4302.0,nr112.png,13.0,0.0,0.0,1.0,0.0,-1.0,23,0.0
7,25,52,12,440.0,76.0,nr124.png,1.0,0.0,0.0,0.0,1.0,2.0,13,0.0
7,25,52,13,224.0,552.0,nr39.png,2.0,0.0,0.0,0.0,0.0,3.0,13,0.0
7,25,52,6,280.0,1018.0,nr56.png,3.0,0.0,0.0,0.0,0.0,2.0,13,0.0
7,25,52,0,226.0,1374.0,nr113.png,4.0,0.0,0.0,0.0,0.0,0.0,13,0.0
7,25,52,4,232.0,1672.0,nr54.png,5.0,0.0,0.0,0.0,0.0,1.0,13,0.0
7,25,52,9,180.0,1942.0,nr62.png,6.0,0.0,0.0,0.0,0.0,2.0,13,0.0
7,25,52,19,462.0,2164.0,nr63.png,7.0,0.0,0.0,0.0,0.0,1.0,13,0.0
7,25,52,22,294.0,2722.0,nr46.png,8.0,0.0,0.0,0.0,0.0,-1.0,13,0.0
7,25,52,20,190.0,3092.0,nr75.png,9.0,0.0,0.0,0.0,0.0,3.0,13,0.0
7,25,52,15,320.0,3326.0,nr20.png,10.0,0.0,0.0,0.0,0.0,2.0,13,0.0
7,25,52,10,162.0,3698.0,nr120.png,11.0,0.0,0.0,0.0,0.0,1.0,13,0.0
7,25,52,18,194.0,3926.0,nr58.png,12.0,0.0,0.0,1.0,0.0,3.0,13,0.0
7,25,57,12,456.0,75.0,nr125.png,1.0,0.0,0.0,0.0,1.0,1.0,22,0.0
7,25,57,1,166.0,593.0,nr100.png,2.0,0.0,0.0,0.0,0.0,3.0,22,0.0
7,25,57,0,328.0,799.0,nr79.png,3.0,0.0,0.0,0.0,0.0,2.0,22,0.0
7,25,57,2,278.0,1187.0,nr63.png,4.0,0.0,0.0,0.0,0.0,1.0,22,0.0
7,25,57,3,152.0,1495.0,nr102.png,5.0,0.0,0.0,0.0,0.0,2.0,22,0.0
7,25,57,4,264.0,1691.0,nr31.png,6.0,0.0,0.0,0.0,0.0,2.0,22,0.0
7,25,57,9,246.0,1997.0,nr74.png,7.0,0.0,0.0,0.0,0.0,1.0,22,0.0
7,25,57,8,474.0,2281.0,nr1.png,8.0,0.0,0.0,0.0,0.0,1.0,22,0.0
7,25,57,11,232.0,2821.0,nr81.png,9.0,0.0,0.0,0.0,0.0,2.0,22,0.0
7,25,57,16,280.0,3091.0,nr12.png,10.0,0.0,0.0,0.0,0.0,2.0,22,0.0
7,25,57,21,166.0,3403.0,nr75.png,11.0,0.0,0.0,0.0,0.0,3.0,22,0.0
7,25,57,20,176.0,3599.0,nr11.png,12.0,0.0,0.0,0.0,0.0,2.0,22,0.0
7,25,57,21,220.0,3809.0,nr75.png,13.0,1.0,1.0,0.0,0.0,3.0,22,0.0
7,25,57,23,366.0,4081.0,nr9.png,14.0,0.0,0.0,0.0,0.0,3.0,22,0.0
7,25,57,22,330.0,4495.0,nr28.png,15.0,0.0,0.0,0.0,0.0,3.0,22,0.0
7,25,57,21,174.0,5185.0,nr75.png,16.0,1.0,2.0,0.0,0.0,3.0,22,0.0
7,25,57,15,204.0,5399.0,nr91.png,17.0,0.0,0.0,1.0,0.0,3.0,22,0.0
7,25,59,12,496.0,76.0,nr98.png,1.0,0.0,0.0,0.0,1.0,1.0,19,0.0
7,25,59,1,154.0,628.0,nr44.png,2.0,0.0,0.0,0.0,0.0,1.0,19,0.0
7,25,59,2,192.0,832.0,nr51.png,3.0,0.0,0.0,0.0,0.0,1.0,19,0.0
7,25,59,1,300.0,1062.0,nr44.png,4.0,1.0,1.0,0.0,0.0,1.0,19,0.0
7,25,59,2,334.0,1398.0,nr51.png,5.0,1.0,1.0,0.0,0.0,1.0,19,0.0
7,25,59,3,278.0,1804.0,nr11.png,6.0,0.0,0.0,0.0,0.0,2.0,19,0.0
7,25,59,4,206.0,2126.0,nr14.png,7.0,0.0,0.0,0.0,0.0,0.0,19,0.0
7,25,59,9,172.0,2364.0,nr18.png,8.0,0.0,0.0,0.0,0.0,3.0,19,0.0
7,25,59,8,210.0,2570.0,nr88.png,9.0,0.0,0.0,0.0,0.0,0.0,19,0.0
7,25,59,12,232.0,2822.0,nr98.png,10.0,1.0,1.0,0.0,0.0,1.0,19,0.0
7,25,59,13,132.0,3092.0,nr80.png,11.0,0.0,0.0,0.0,0.0,-2.0,19,0.0
7,25,59,17,226.0,3260.0,nr60.png,12.0,0.0,0.0,0.0,0.0,2.0,19,0.0
7,25,59,18,224.0,3518.0,nr89.png,13.0,0.0,0.0,0.0,0.0,2.0,19,0.0
7,25,59,19,830.0,3778.0,nr91.png,14.0,0.0,0.0,0.0,0.0,3.0,19,0.0
7,25,59,24,120.0,4654.0,nr57.png,15.0,0.0,0.0,0.0,0.0,2.0,19,0.0
7,25,59,23,200.0,4812.0,nr27.png,16.0,0.0,0.0,0.0,0.0,2.0,19,0.0
7,25,59,22,304.0,5054.0,nr42.png,17.0,0.0,0.0,0.0,0.0,2.0,19,0.0
7,25,59,20,218.0,5434.0,nr15.png,18.0,0.0,0.0,0.0,0.0,2.0,19,0.0
7,25,59,15,352.0,5688.0,nr52.png,19.0,0.0,0.0,0.0,0.0,2.0,19,0.0
7,25,59,10,262.0,6084.0,nr111.png,20.0,0.0,0.0,1.0,0.0,-1.0,19,0.0
7,25,60,12,352.0,75.0,nr1.png,1.0,0.0,0.0,0.0,1.0,1.0,21,0.0
7,25,60,1,232.0,483.0,nr55.png,2.0,0.0,0.0,0.0,0.0,1.0,21,0.0
7,25,60,14,102.0,779.0,nr106.png,3.0,0.0,0.0,0.0,0.0,-1.0,21,0.0
7,25,60,19,162.0,907.0,nr56.png,4.0,0.0,0.0,0.0,0.0,2.0,21,0.0
7,25,60,21,222.0,1315.0,nr81.png,5.0,0.0,0.0,0.0,0.0,2.0,21,0.0
7,25,60,20,266.0,1579.0,nr109.png,6.0,0.0,0.0,0.0,0.0,1.0,21,0.0
7,25,60,5,382.0,1901.0,nr72.png,7.0,0.0,0.0,0.0,0.0,1.0,21,0.0
7,25,60,21,412.0,2371.0,nr81.png,8.0,1.0,1.0,0.0,0.0,2.0,21,0.0
7,25,60,12,258.0,2863.0,nr1.png,9.0,1.0,1.0,0.0,0.0,1.0,21,0.0
7,25,60,2,348.0,3185.0,nr65.png,10.0,0.0,0.0,0.0,0.0,2.0,21,0.0
7,25,60,7,190.0,3597.0,nr75.png,11.0,0.0,0.0,0.0,0.0,3.0,21,0.0
7,25,60,3,102.0,4747.0,nr94.png,12.0,0.0,0.0,0.0,0.0,-2.0,21,0.0
7,25,60,8,160.0,4877.0,nr45.png,13.0,0.0,0.0,0.0,0.0,1.0,21,0.0
7,25,60,18,380.0,5081.0,nr100.png,14.0,0.0,0.0,0.0,0.0,3.0,21,0.0
7,25,60,23,180.0,5509.0,nr12.png,15.0,0.0,0.0,0.0,0.0,2.0,21,0.0
7,25,60,24,236.0,5725.0,nr90.png,16.0,0.0,0.0,0.0,0.0,-2.0,21,0.0
7,25,60,0,736.0,6081.0,nr57.png,17.0,0.0,0.0,0.0,0.0,2.0,21,0.0
7,25,60,5,302.0,6867.0,nr72.png,18.0,1.0,1.0,0.0,0.0,1.0,21,0.0
7,25,60,10,175.0,7209.0,nr54.png,19.0,0.0,0.0,1.0,0.0,1.0,21,0.0
7,25,61,12,344.0,76.0,nr57.png,1.0,0.0,0.0,0.0,1.0,2.0,4,1.0
7,25,61,1,176.0,474.0,nr46.png,2.0,0.0,0.0,0.0,0.0,-1.0,4,1.0
7,25,61,2,270.0,694.0,nr28.png,3.0,0.0,0.0,0.0,0.0,3.0,4,1.0
7,25,61,3,132.0,1030.0,nr106.png,4.0,0.0,0.0,0.0,0.0,-1.0,4,1.0
7,25,61,8,204.0,1314.0,nr88.png,5.0,0.0,0.0,0.0,0.0,0.0,4,1.0
7,25,61,4,828.0,1562.0,nr39.png,6.0,0.0,0.0,0.0,0.0,3.0,4,1.0
7,25,61,16,252.0,2470.0,nr96.png,7.0,0.0,0.0,0.0,0.0,2.0,4,1.0
7,25,61,22,192.0,2760.0,nr2.png,8.0,0.0,0.0,0.0,0.0,2.0,4,1.0
7,25,61,21,380.0,3002.0,nr18.png,9.0,0.0,0.0,0.0,0.0,3.0,4,1.0
7,25,61,23,204.0,3458.0,nr112.png,10.0,0.0,0.0,0.0,0.0,-1.0,4,1.0
7,25,61,24,242.0,3700.0,nr30.png,11.0,0.0,0.0,0.0,0.0,-1.0,4,1.0
7,25,61,18,150.0,3994.0,nr21.png,12.0,0.0,0.0,0.0,0.0,-3.0,4,1.0
7,25,61,11,310.0,4318.0,nr102.png,13.0,0.0,0.0,0.0,0.0,2.0,4,1.0
7,25,61,4,482.0,4734.0,nr39.png,14.0,1.0,1.0,1.0,0.0,3.0,4,1.0
7,25,71,12,348.0,74.0,nr10.png,1.0,0.0,0.0,0.0,1.0,2.0,0,0.0
7,25,71,6,176.0,478.0,nr28.png,2.0,0.0,0.0,0.0,0.0,3.0,0,0.0
7,25,71,0,196.0,696.0,nr79.png,3.0,0.0,0.0,0.0,0.0,2.0,0,0.0
7,25,71,10,310.0,936.0,nr45.png,4.0,0.0,0.0,0.0,0.0,1.0,0,0.0
7,25,71,5,160.0,1330.0,nr46.png,5.0,0.0,0.0,0.0,0.0,-1.0,0,0.0
7,25,71,0,662.0,1520.0,nr79.png,6.0,1.0,1.0,0.0,0.0,2.0,0,0.0
7,25,71,22,228.0,2612.0,nr95.png,7.0,0.0,0.0,0.0,0.0,2.0,0,0.0
7,25,71,19,264.0,2918.0,nr94.png,8.0,0.0,0.0,0.0,0.0,-2.0,0,0.0
7,25,71,24,210.0,3214.0,nr98.png,9.0,0.0,0.0,0.0,0.0,1.0,0,0.0
7,25,71,13,288.0,3486.0,nr74.png,10.0,0.0,0.0,0.0,0.0,1.0,0,0.0
7,25,71,12,240.0,3816.0,nr10.png,11.0,1.0,1.0,0.0,0.0,2.0,0,0.0
7,25,71,10,348.0,4102.0,nr45.png,12.0,1.0,1.0,0.0,0.0,1.0,0,0.0
7,25,71,15,234.0,4484.0,nr21.png,13.0,0.0,0.0,0.0,0.0,-3.0,0,0.0
7,25,71,20,274.0,4752.0,nr63.png,14.0,0.0,0.0,0.0,0.0,1.0,0,0.0
7,25,71,4,328.0,5114.0,nr76.png,15.0,0.0,0.0,0.0,0.0,2.0,0,0.0
7,25,71,8,226.0,5506.0,nr120.png,16.0,0.0,0.0,0.0,0.0,1.0,0,0.0
7,25,71,7,152.0,5774.0,nr52.png,17.0,0.0,0.0,0.0,0.0,2.0,0,0.0
7,25,71,0,572.0,5982.0,nr79.png,18.0,1.0,2.0,0.0,0.0,2.0,0,0.0
7,25,71,6,349.0,6618.0,nr28.png,19.0,1.0,1.0,1.0,0.0,3.0,0,0.0
7,25,73,12,376.0,77.0,nr112.png,1.0,0.0,0.0,0.0,1.0,-1.0,24,1.0
7,25,73,2,196.0,537.0,nr81.png,2.0,0.0,0.0,0.0,0.0,2.0,24,1.0
7,25,73,1,152.0,761.0,nr85.png,3.0,0.0,0.0,0.0,0.0,1.0,24,1.0
7,25,73,0,172.0,959.0,nr63.png,4.0,0.0,0.0,0.0,0.0,1.0,24,1.0
7,25,73,3,214.0,1195.0,nr125.png,5.0,0.0,0.0,0.0,0.0,1.0,24,1.0
7,25,73,4,208.0,1453.0,nr107.png,6.0,0.0,0.0,0.0,0.0,1.0,24,1.0
7,25,73,13,150.0,1931.0,nr89.png,7.0,0.0,0.0,0.0,0.0,2.0,24,1.0
7,25,73,18,172.0,2119.0,nr98.png,8.0,0.0,0.0,0.0,0.0,1.0,24,1.0
7,25,73,17,296.0,2333.0,nr79.png,9.0,0.0,0.0,0.0,0.0,2.0,24,1.0
7,25,73,16,148.0,2673.0,nr109.png,10.0,0.0,0.0,0.0,0.0,1.0,24,1.0
7,25,73,15,172.0,2851.0,nr65.png,11.0,0.0,0.0,0.0,0.0,2.0,24,1.0
7,25,73,16,264.0,3055.0,nr109.png,12.0,1.0,1.0,0.0,0.0,1.0,24,1.0
7,25,73,18,336.0,3371.0,nr98.png,13.0,1.0,1.0,0.0,0.0,1.0,24,1.0
7,25,73,17,182.0,3743.0,nr79.png,14.0,1.0,1.0,0.0,0.0,2.0,24,1.0
7,25,73,19,418.0,3979.0,nr52.png,15.0,0.0,0.0,0.0,0.0,2.0,24,1.0
7,25,73,17,350.0,4451.0,nr79.png,16.0,1.0,2.0,0.0,0.0,2.0,24,1.0
7,25,73,11,374.0,4871.0,nr51.png,17.0,0.0,0.0,0.0,0.0,1.0,24,1.0
7,25,73,10,520.0,5307.0,nr11.png,18.0,0.0,0.0,0.0,0.0,2.0,24,1.0
7,25,73,20,230.0,5889.0,nr15.png,19.0,0.0,0.0,0.0,0.0,2.0,24,1.0
7,25,73,21,328.0,6163.0,nr120.png,20.0,0.0,0.0,0.0,0.0,1.0,24,1.0
7,25,73,20,174.0,6547.0,nr15.png,21.0,1.0,1.0,0.0,0.0,2.0,24,1.0
7,25,73,23,328.0,6789.0,nr76.png,22.0,0.0,0.0,0.0,0.0,2.0,24,1.0
7,25,73,24,322.0,7157.0,nr42.png,23.0,0.0,0.0,1.0,0.0,2.0,24,1.0
7,25,74,12,430.0,76.0,nr2.png,1.0,0.0,0.0,0.0,1.0,2.0,2,0.0
7,25,74,16,172.0,552.0,nr81.png,2.0,0.0,0.0,0.0,0.0,2.0,2,0.0
7,25,74,1,324.0,782.0,nr97.png,3.0,0.0,0.0,0.0,0.0,3.0,2,0.0
7,25,74,3,490.0,1194.0,nr112.png,4.0,0.0,0.0,0.0,0.0,-1.0,2,0.0
7,25,74,1,196.0,1744.0,nr97.png,5.0,1.0,1.0,0.0,0.0,3.0,2,0.0
7,25,74,2,878.0,1966.0,nr18.png,6.0,0.0,0.0,0.0,0.0,3.0,2,0.0
7,25,74,3,156.0,2900.0,nr112.png,7.0,1.0,1.0,0.0,0.0,-1.0,2,0.0
7,25,74,4,188.0,3108.0,nr28.png,8.0,0.0,0.0,0.0,0.0,3.0,2,0.0
7,25,74,14,186.0,3342.0,nr42.png,9.0,0.0,0.0,0.0,0.0,2.0,2,0.0
7,25,74,13,242.0,3558.0,nr87.png,10.0,0.0,0.0,0.0,0.0,3.0,2,0.0
7,25,74,14,156.0,3834.0,nr42.png,11.0,1.0,1.0,0.0,0.0,2.0,2,0.0
7,25,74,8,146.0,4032.0,nr99.png,12.0,0.0,0.0,0.0,0.0,2.0,2,0.0
7,25,74,22,182.0,4424.0,nr55.png,13.0,0.0,0.0,0.0,0.0,1.0,2,0.0
7,25,74,21,182.0,4650.0,nr91.png,14.0,0.0,0.0,0.0,0.0,3.0,2,0.0
7,25,74,20,134.0,4976.0,nr106.png,15.0,0.0,0.0,0.0,0.0,-1.0,2,0.0
7,25,74,21,154.0,5146.0,nr91.png,16.0,1.0,1.0,0.0,0.0,3.0,2,0.0
7,25,74,22,187.0,5332.0,nr55.png,17.0,1.0,1.0,1.0,0.0,1.0,2,0.0
7,25,81,12,262.0,74.0,nr93.png,1.0,0.0,0.0,0.0,1.0,2.0,0,1.0
7,25,81,7,124.0,382.0,nr100.png,2.0,0.0,0.0,0.0,0.0,3.0,0,1.0
7,25,81,2,178.0,544.0,nr74.png,3.0,0.0,0.0,0.0,0.0,1.0,0,1.0
7,25,81,8,130.0,768.0,nr39.png,4.0,0.0,0.0,0.0,0.0,3.0,0,1.0
7,25,81,13,218.0,932.0,nr97.png,5.0,0.0,0.0,0.0,0.0,3.0,0,1.0
7,25,81,8,580.0,1186.0,nr39.png,6.0,1.0,1.0,0.0,0.0,3.0,0,1.0
7,25,81,9,156.0,1840.0,nr101.png,7.0,0.0,0.0,0.0,0.0,1.0,0,1.0
7,25,81,14,312.0,2028.0,nr125.png,8.0,0.0,0.0,0.0,0.0,1.0,0,1.0
7,25,81,19,162.0,2378.0,nr121.png,9.0,0.0,0.0,0.0,0.0,2.0,0,1.0
7,25,81,24,160.0,2564.0,nr72.png,10.0,0.0,0.0,0.0,0.0,1.0,0,1.0
7,25,81,23,224.0,2768.0,nr19.png,11.0,0.0,0.0,0.0,0.0,2.0,0,1.0
7,25,81,22,300.0,3026.0,nr1.png,12.0,0.0,0.0,0.0,0.0,1.0,0,1.0
7,25,81,20,214.0,3378.0,nr7.png,13.0,0.0,0.0,0.0,0.0,1.0,0,1.0
7,25,81,10,328.0,3642.0,nr29.png,14.0,0.0,0.0,0.0,0.0,3.0,0,1.0
7,25,81,0,214.0,4028.0,nr76.png,15.0,0.0,0.0,0.0,0.0,2.0,0,1.0
7,25,81,15,356.0,4292.0,nr87.png,16.0,0.0,0.0,0.0,0.0,3.0,0,1.0
7,25,81,10,364.0,4700.0,nr29.png,17.0,1.0,1.0,0.0,0.0,3.0,0,1.0
7,25,81,0,1374.0,5110.0,nr76.png,18.0,1.0,1.0,1.0,0.0,2.0,0,1.0
7,25,82,12,200.0,77.0,nr15.png,1.0,0.0,0.0,0.0,1.0,2.0,0,0.0
7,25,82,1,588.0,327.0,nr69.png,2.0,0.0,0.0,0.0,0.0,0.0,0,0.0
7,25,82,0,706.0,1017.0,nr92.png,3.0,0.0,0.0,0.0,0.0,3.0,0,0.0
7,25,82,8,258.0,1801.0,nr112.png,4.0,0.0,0.0,0.0,0.0,-1.0,0,0.0
7,25,82,18,326.0,2109.0,nr98.png,5.0,0.0,0.0,0.0,0.0,1.0,0,0.0
7,25,82,20,244.0,2505.0,nr101.png,6.0,0.0,0.0,0.0,0.0,1.0,0,0.0
7,25,82,15,194.0,2793.0,nr57.png,7.0,0.0,0.0,0.0,0.0,2.0,0,0.0
7,25,82,10,192.0,3029.0,nr79.png,8.0,0.0,0.0,0.0,0.0,2.0,0,0.0
7,25,82,5,221.0,3261.0,nr45.png,9.0,0.0,0.0,1.0,0.0,1.0,0,0.0
7,25,85,12,274.0,75.0,nr74.png,1.0,0.0,0.0,0.0,1.0,1.0,14,1.0
7,25,85,1,356.0,409.0,nr80.png,2.0,0.0,0.0,0.0,0.0,-2.0,14,1.0
7,25,85,0,214.0,859.0,nr113.png,3.0,0.0,0.0,0.0,0.0,0.0,14,1.0
7,25,85,3,192.0,1135.0,nr95.png,4.0,0.0,0.0,0.0,0.0,2.0,14,1.0
7,25,85,4,244.0,1363.0,nr10.png,5.0,0.0,0.0,0.0,0.0,2.0,14,1.0
7,25,85,9,174.0,1641.0,nr102.png,6.0,0.0,0.0,0.0,0.0,2.0,14,1.0
7,25,85,8,146.0,1847.0,nr120.png,7.0,0.0,0.0,0.0,0.0,1.0,14,1.0
7,25,85,6,176.0,2049.0,nr84.png,8.0,0.0,0.0,0.0,0.0,1.0,14,1.0
7,25,85,5,156.0,2261.0,nr91.png,9.0,0.0,0.0,0.0,0.0,3.0,14,1.0
7,25,85,11,186.0,2453.0,nr97.png,10.0,0.0,0.0,0.0,0.0,3.0,14,1.0
7,25,85,12,338.0,2675.0,nr74.png,11.0,1.0,1.0,0.0,0.0,1.0,14,1.0
7,25,85,17,844.0,3051.0,nr31.png,12.0,0.0,0.0,0.0,0.0,2.0,14,1.0
7,25,85,15,270.0,3971.0,nr98.png,13.0,0.0,0.0,0.0,0.0,1.0,14,1.0
7,25,85,16,198.0,4271.0,nr111.png,14.0,0.0,0.0,0.0,0.0,-1.0,14,1.0
7,25,85,18,358.0,4521.0,nr99.png,15.0,0.0,0.0,0.0,0.0,2.0,14,1.0
7,25,85,23,230.0,4931.0,nr79.png,16.0,0.0,0.0,0.0,0.0,2.0,14,1.0
7,25,85,24,210.0,5199.0,nr100.png,17.0,0.0,0.0,0.0,0.0,3.0,14,1.0
7,25,85,21,154.0,5897.0,nr50.png,18.0,0.0,0.0,0.0,0.0,2.0,14,1.0
7,25,85,20,164.0,6093.0,nr12.png,19.0,0.0,0.0,0.0,0.0,2.0,14,1.0
7,25,85,21,534.0,6291.0,nr50.png,20.0,1.0,1.0,0.0,0.0,2.0,14,1.0
7,25,85,22,272.0,6875.0,nr1.png,21.0,0.0,0.0,0.0,0.0,1.0,14,1.0
7,25,85,18,348.0,7197.0,nr99.png,22.0,1.0,1.0,0.0,0.0,2.0,14,1.0
7,25,85,14,452.0,7599.0,nr57.png,23.0,0.0,0.0,0.0,0.0,2.0,14,1.0
7,25,85,9,272.0,8105.0,nr102.png,24.0,1.0,1.0,0.0,0.0,2.0,14,1.0
7,25,85,14,325.0,8403.0,nr57.png,25.0,1.0,1.0,1.0,0.0,2.0,14,1.0
7,25,86,12,412.0,77.0,nr112.png,1.0,0.0,0.0,0.0,1.0,-1.0,16,1.0
7,25,86,5,142.0,793.0,nr57.png,2.0,0.0,0.0,0.0,0.0,2.0,16,1.0
7,25,86,2,174.0,989.0,nr21.png,3.0,0.0,0.0,0.0,0.0,-3.0,16,1.0
7,25,86,5,294.0,1249.0,nr57.png,4.0,1.0,1.0,0.0,0.0,2.0,16,1.0
7,25,86,2,154.0,1601.0,nr21.png,5.0,1.0,1.0,0.0,0.0,-3.0,16,1.0
7,25,86,1,214.0,1797.0,nr9.png,6.0,0.0,0.0,0.0,0.0,3.0,16,1.0
7,25,86,2,356.0,2045.0,nr21.png,7.0,1.0,2.0,0.0,0.0,-3.0,16,1.0
7,25,86,4,196.0,2629.0,nr113.png,8.0,0.0,0.0,0.0,0.0,0.0,16,1.0
7,25,86,14,184.0,2871.0,nr94.png,9.0,0.0,0.0,0.0,0.0,-2.0,16,1.0
7,25,86,4,106.0,3113.0,nr113.png,10.0,1.0,1.0,0.0,0.0,0.0,16,1.0
7,25,86,17,336.0,3531.0,nr52.png,11.0,0.0,0.0,0.0,0.0,2.0,16,1.0
7,25,86,16,262.0,3935.0,nr81.png,12.0,0.0,0.0,0.0,0.0,2.0,16,1.0
7,25,86,22,192.0,4239.0,nr80.png,13.0,0.0,0.0,0.0,0.0,-2.0,16,1.0
7,25,86,16,273.0,4477.0,nr81.png,14.0,1.0,1.0,1.0,0.0,2.0,16,1.0
7,25,88,12,338.0,76.0,nr91.png,1.0,0.0,0.0,0.0,1.0,3.0,10,1.0
7,25,88,1,142.0,470.0,nr56.png,2.0,0.0,0.0,0.0,0.0,2.0,10,1.0
7,25,88,2,184.0,638.0,nr109.png,3.0,0.0,0.0,0.0,0.0,1.0,10,1.0
7,25,88,3,122.0,872.0,nr15.png,4.0,0.0,0.0,0.0,0.0,2.0,10,1.0
7,25,88,4,210.0,1022.0,nr84.png,5.0,0.0,0.0,0.0,0.0,1.0,10,1.0
7,25,88,9,318.0,1266.0,nr74.png,6.0,0.0,0.0,0.0,0.0,1.0,10,1.0
7,25,88,18,190.0,1844.0,nr11.png,7.0,0.0,0.0,0.0,0.0,2.0,10,1.0
7,25,88,10,170.0,2100.0,nr39.png,8.0,0.0,0.0,0.0,0.0,3.0,10,1.0
7,25,88,5,404.0,2318.0,nr81.png,9.0,0.0,0.0,0.0,0.0,2.0,10,1.0
7,25,88,10,530.0,2768.0,nr39.png,10.0,1.0,1.0,0.0,0.0,3.0,10,1.0
7,25,88,16,146.0,3366.0,nr90.png,11.0,0.0,0.0,0.0,0.0,-2.0,10,1.0
7,25,88,21,196.0,3540.0,nr46.png,12.0,0.0,0.0,0.0,0.0,-1.0,10,1.0
7,25,88,22,194.0,3772.0,nr55.png,13.0,0.0,0.0,0.0,0.0,1.0,10,1.0
7,25,88,23,174.0,4004.0,nr76.png,14.0,0.0,0.0,0.0,0.0,2.0,10,1.0
7,25,88,24,364.0,4212.0,nr89.png,15.0,0.0,0.0,0.0,0.0,2.0,10,1.0
7,25,88,20,268.0,4648.0,nr58.png,16.0,0.0,0.0,0.0,0.0,3.0,10,1.0
7,25,88,10,378.0,4978.0,nr39.png,17.0,1.0,2.0,0.0,0.0,3.0,10,1.0
7,25,88,5,298.0,5418.0,nr81.png,18.0,1.0,1.0,0.0,0.0,2.0,10,1.0
7,25,88,0,248.0,5766.0,nr28.png,19.0,0.0,0.0,0.0,0.0,3.0,10,1.0
7,25,88,10,44.0,6072.0,nr39.png,20.0,1.0,3.0,1.0,0.0,3.0,10,1.0
7,25,92,12,318.0,76.0,nr72.png,1.0,0.0,0.0,0.0,1.0,1.0,18,1.0
7,25,92,1,196.0,452.0,nr101.png,2.0,0.0,0.0,0.0,0.0,1.0,18,1.0
7,25,92,0,146.0,690.0,nr94.png,3.0,0.0,0.0,0.0,0.0,-2.0,18,1.0
7,25,92,3,446.0,902.0,nr63.png,4.0,0.0,0.0,0.0,0.0,1.0,18,1.0
7,25,92,5,364.0,1652.0,nr109.png,5.0,0.0,0.0,0.0,0.0,1.0,18,1.0
7,25,92,11,136.0,2502.0,nr8.png,6.0,0.0,0.0,0.0,0.0,1.0,18,1.0
7,25,92,14,192.0,2700.0,nr49.png,7.0,0.0,0.0,0.0,0.0,1.0,18,1.0
7,25,92,13,180.0,2928.0,nr58.png,8.0,0.0,0.0,0.0,0.0,3.0,18,1.0
7,25,92,18,164.0,3140.0,nr75.png,9.0,0.0,0.0,0.0,0.0,3.0,18,1.0
7,25,92,15,480.0,3366.0,nr52.png,10.0,0.0,0.0,0.0,0.0,2.0,18,1.0
7,25,92,20,116.0,3884.0,nr11.png,11.0,0.0,0.0,0.0,0.0,2.0,18,1.0
7,25,92,21,292.0,4036.0,nr42.png,12.0,0.0,0.0,0.0,0.0,2.0,18,1.0
7,25,92,22,140.0,4354.0,nr102.png,13.0,0.0,0.0,0.0,0.0,2.0,18,1.0
7,25,92,21,152.0,4524.0,nr42.png,14.0,1.0,1.0,0.0,0.0,2.0,18,1.0
7,25,92,18,218.0,4730.0,nr75.png,15.0,1.0,1.0,0.0,0.0,3.0,18,1.0
7,25,92,6,94.0,5016.0,nr54.png,16.0,0.0,0.0,0.0,0.0,1.0,18,1.0
7,25,92,10,184.0,5150.0,nr19.png,17.0,0.0,0.0,0.0,0.0,2.0,18,1.0
7,25,92,5,244.0,5374.0,nr109.png,18.0,1.0,1.0,0.0,0.0,1.0,18,1.0
7,25,92,10,308.0,5652.0,nr19.png,19.0,1.0,1.0,0.0,0.0,2.0,18,1.0
7,25,92,12,60.0,6002.0,nr72.png,20.0,1.0,1.0,0.0,0.0,1.0,18,1.0
7,25,92,18,6.0,6112.0,nr75.png,21.0,1.0,2.0,1.0,0.0,3.0,18,1.0
7,25,95,12,188.0,76.0,nr49.png,1.0,0.0,0.0,0.0,1.0,1.0,5,1.0
7,25,95,7,162.0,298.0,nr107.png,2.0,0.0,0.0,0.0,0.0,1.0,5,1.0
7,25,95,6,410.0,506.0,nr46.png,3.0,0.0,0.0,0.0,0.0,-1.0,5,1.0
7,25,95,5,570.0,976.0,nr92.png,4.0,0.0,0.0,0.0,0.0,3.0,5,1.0
7,25,95,0,258.0,1610.0,nr80.png,5.0,0.0,0.0,0.0,0.0,-2.0,5,1.0
7,25,95,15,282.0,1932.0,nr44.png,6.0,0.0,0.0,0.0,0.0,1.0,5,1.0
7,25,95,20,186.0,2250.0,nr57.png,7.0,0.0,0.0,0.0,0.0,2.0,5,1.0
7,25,95,15,76.0,2468.0,nr44.png,8.0,1.0,1.0,0.0,0.0,1.0,5,1.0
7,25,95,11,190.0,2598.0,nr87.png,9.0,0.0,0.0,0.0,0.0,3.0,5,1.0
7,25,95,1,350.0,2834.0,nr30.png,10.0,0.0,0.0,0.0,0.0,-1.0,5,1.0
7,25,95,2,244.0,3248.0,nr91.png,11.0,0.0,0.0,0.0,0.0,3.0,5,1.0
7,25,95,3,138.0,3526.0,nr56.png,12.0,0.0,0.0,0.0,0.0,2.0,5,1.0
7,25,95,17,278.0,3718.0,nr62.png,13.0,0.0,0.0,0.0,0.0,2.0,5,1.0
7,25,95,23,100.0,4046.0,nr14.png,14.0,0.0,0.0,0.0,0.0,0.0,5,1.0
7,25,95,2,732.0,4218.0,nr91.png,15.0,1.0,1.0,0.0,0.0,3.0,5,1.0
7,25,95,3,96.0,5012.0,nr56.png,16.0,1.0,1.0,0.0,0.0,2.0,5,1.0
7,25,95,18,348.0,5418.0,nr11.png,17.0,0.0,0.0,0.0,0.0,2.0,5,1.0
7,25,95,19,610.0,5810.0,nr50.png,18.0,0.0,0.0,0.0,0.0,2.0,5,1.0
7,25,95,4,468.0,6500.0,nr51.png,19.0,0.0,0.0,0.0,0.0,1.0,5,1.0
7,25,95,9,198.0,7020.0,nr58.png,20.0,0.0,0.0,0.0,0.0,3.0,5,1.0
7,25,95,5,233.0,7292.0,nr92.png,21.0,1.0,1.0,1.0,0.0,3.0,5,1.0
7,25,98,12,106.0,76.0,nr63.png,1.0,0.0,0.0,0.0,1.0,1.0,6,1.0
7,25,98,7,412.0,214.0,nr107.png,2.0,0.0,0.0,0.0,0.0,1.0,6,1.0
7,25,98,13,290.0,696.0,nr27.png,3.0,0.0,0.0,0.0,0.0,2.0,6,1.0
7,25,98,12,340.0,1046.0,nr63.png,4.0,1.0,1.0,0.0,0.0,1.0,6,1.0
7,25,98,15,276.0,1450.0,nr95.png,5.0,0.0,0.0,0.0,0.0,2.0,6,1.0
7,25,98,20,268.0,1766.0,nr99.png,6.0,0.0,0.0,0.0,0.0,2.0,6,1.0
7,25,98,22,200.0,2116.0,nr45.png,7.0,0.0,0.0,0.0,0.0,1.0,6,1.0
7,25,98,23,176.0,2358.0,nr76.png,8.0,0.0,0.0,0.0,0.0,2.0,6,1.0
7,25,98,24,206.0,2570.0,nr109.png,9.0,0.0,0.0,0.0,0.0,1.0,6,1.0
7,25,98,4,178.0,2852.0,nr56.png,10.0,0.0,0.0,0.0,0.0,2.0,6,1.0
7,25,98,2,340.0,3082.0,nr50.png,11.0,0.0,0.0,0.0,0.0,2.0,6,1.0
7,25,98,1,184.0,3500.0,nr8.png,12.0,0.0,0.0,0.0,0.0,1.0,6,1.0
7,25,98,6,196.0,3712.0,nr41.png,13.0,0.0,0.0,0.0,0.0,1.0,6,1.0
7,25,98,5,234.0,3950.0,nr79.png,14.0,0.0,0.0,0.0,0.0,2.0,6,1.0
7,25,98,0,388.0,4224.0,nr113.png,15.0,0.0,0.0,0.0,0.0,0.0,6,1.0
7,25,98,13,160.0,4672.0,nr27.png,16.0,1.0,1.0,0.0,0.0,2.0,6,1.0
7,25,98,12,394.0,4862.0,nr63.png,17.0,1.0,2.0,0.0,0.0,1.0,6,1.0
7,25,98,11,254.0,5300.0,nr44.png,18.0,0.0,0.0,0.0,0.0,1.0,6,1.0
7,25,98,12,316.0,5602.0,nr63.png,19.0,1.0,3.0,0.0,0.0,1.0,6,1.0
7,25,98,17,382.0,5976.0,nr124.png,20.0,0.0,0.0,0.0,0.0,2.0,6,1.0
7,25,98,18,538.0,6408.0,nr51.png,21.0,0.0,0.0,0.0,0.0,1.0,6,1.0
7,25,98,23,178.0,7098.0,nr76.png,22.0,1.0,1.0,0.0,0.0,2.0,6,1.0
7,25,98,22,196.0,7318.0,nr45.png,23.0,1.0,1.0,0.0,0.0,1.0,6,1.0
7,25,98,24,238.0,7566.0,nr109.png,24.0,1.0,1.0,0.0,0.0,1.0,6,1.0
7,25,98,20,228.0,7880.0,nr99.png,25.0,1.0,1.0,0.0,0.0,2.0,6,1.0
7,25,98,10,128.0,8182.0,nr55.png,26.0,0.0,0.0,0.0,0.0,1.0,6,1.0
7,25,98,6,324.0,8488.0,nr41.png,27.0,1.0,1.0,0.0,0.0,1.0,6,1.0
7,25,98,5,460.0,8854.0,nr79.png,28.0,1.0,1.0,0.0,0.0,2.0,6,1.0
7,25,98,6,100.0,9350.0,nr41.png,29.0,1.0,2.0,1.0,0.0,1.0,6,1.0
7,25,100,12,334.0,77.0,nr89.png,1.0,0.0,0.0,0.0,1.0,2.0,20,1.0
7,25,100,7,174.0,457.0,nr10.png,2.0,0.0,0.0,0.0,0.0,2.0,20,1.0
7,25,100,2,146.0,849.0,nr28.png,3.0,0.0,0.0,0.0,0.0,3.0,20,1.0
7,25,100,3,152.0,1035.0,nr15.png,4.0,0.0,0.0,0.0,0.0,2.0,20,1.0
7,25,100,4,214.0,1229.0,nr48.png,5.0,0.0,0.0,0.0,0.0,0.0,20,1.0
7,25,100,9,208.0,1473.0,nr120.png,6.0,0.0,0.0,0.0,0.0,1.0,20,1.0
7,25,100,4,154.0,1717.0,nr48.png,7.0,1.0,1.0,0.0,0.0,0.0,20,1.0
7,25,100,10,324.0,1945.0,nr94.png,8.0,0.0,0.0,0.0,0.0,-2.0,20,1.0
7,25,100,15,230.0,2327.0,nr19.png,9.0,0.0,0.0,0.0,0.0,2.0,20,1.0
7,25,100,20,526.0,2589.0,nr97.png,10.0,0.0,0.0,1.0,0.0,3.0,20,1.0
7,25,105,12,424.0,77.0,nr100.png,1.0,0.0,0.0,0.0,1.0,3.0,0,0.0
7,25,105,10,178.0,599.0,nr49.png,2.0,0.0,0.0,0.0,0.0,1.0,0,0.0
7,25,105,0,318.0,825.0,nr53.png,3.0,0.0,0.0,0.0,0.0,3.0,0,0.0
7,25,105,2,306.0,1227.0,nr88.png,4.0,0.0,0.0,0.0,0.0,0.0,0,0.0
7,25,105,0,464.0,1591.0,nr53.png,5.0,1.0,1.0,0.0,0.0,3.0,0,0.0
7,25,105,17,162.0,2333.0,nr10.png,6.0,0.0,0.0,0.0,0.0,2.0,0,0.0
7,25,105,23,158.0,2665.0,nr93.png,7.0,0.0,0.0,0.0,0.0,2.0,0,0.0
7,25,105,22,210.0,2865.0,nr58.png,8.0,0.0,0.0,0.0,0.0,3.0,0,0.0
7,25,105,20,278.0,3125.0,nr28.png,9.0,0.0,0.0,1.0,0.0,3.0,0,0.0
7,25,106,12,310.0,76.0,nr107.png,1.0,0.0,0.0,0.0,1.0,1.0,17,1.0
7,25,106,0,346.0,444.0,nr20.png,2.0,0.0,0.0,0.0,0.0,2.0,17,1.0
7,25,106,1,188.0,852.0,nr91.png,3.0,0.0,0.0,0.0,0.0,3.0,17,1.0
7,25,106,6,214.0,1072.0,nr81.png,4.0,0.0,0.0,0.0,0.0,2.0,17,1.0
7,25,106,5,198.0,1330.0,nr99.png,5.0,0.0,0.0,0.0,0.0,2.0,17,1.0
7,25,106,6,304.0,1608.0,nr81.png,6.0,1.0,1.0,0.0,0.0,2.0,17,1.0
7,25,106,8,416.0,1962.0,nr21.png,7.0,0.0,0.0,0.0,0.0,-3.0,17,1.0
7,25,106,6,294.0,2426.0,nr81.png,8.0,1.0,2.0,0.0,0.0,2.0,17,1.0
7,25,106,7,236.0,2766.0,nr50.png,9.0,0.0,0.0,0.0,0.0,2.0,17,1.0
7,25,106,9,252.0,3052.0,nr65.png,10.0,0.0,0.0,0.0,0.0,2.0,17,1.0
7,25,106,8,190.0,3346.0,nr21.png,11.0,1.0,1.0,0.0,0.0,-3.0,17,1.0
7,25,106,7,420.0,3572.0,nr50.png,12.0,1.0,1.0,0.0,0.0,2.0,17,1.0
7,25,106,12,500.0,4034.0,nr107.png,13.0,1.0,1.0,0.0,0.0,1.0,17,1.0
7,25,106,3,236.0,5110.0,nr51.png,14.0,0.0,0.0,0.0,0.0,1.0,17,1.0
7,25,106,2,286.0,5390.0,nr83.png,15.0,0.0,0.0,0.0,0.0,0.0,17,1.0
7,25,106,3,160.0,5754.0,nr51.png,16.0,1.0,1.0,0.0,0.0,1.0,17,1.0
7,25,106,6,142.0,5962.0,nr81.png,17.0,1.0,3.0,0.0,0.0,2.0,17,1.0
7,25,106,3,190.0,6160.0,nr51.png,18.0,1.0,2.0,0.0,0.0,1.0,17,1.0
7,25,106,7,116.0,6388.0,nr50.png,19.0,1.0,2.0,0.0,0.0,2.0,17,1.0
7,25,106,3,372.0,6554.0,nr51.png,20.0,1.0,3.0,0.0,0.0,1.0,17,1.0
7,25,106,7,150.0,6972.0,nr50.png,21.0,1.0,3.0,0.0,0.0,2.0,17,1.0
7,25,106,6,182.0,7160.0,nr81.png,22.0,1.0,4.0,0.0,0.0,2.0,17,1.0
7,25,106,11,446.0,7376.0,nr80.png,23.0,0.0,0.0,0.0,0.0,-2.0,17,1.0
7,25,106,16,354.0,7870.0,nr1.png,24.0,0.0,0.0,0.0,0.0,1.0,17,1.0
7,25,106,15,192.0,8274.0,nr3.png,25.0,0.0,0.0,0.0,0.0,1.0,17,1.0
7,25,106,17,673.0,8516.0,nr58.png,26.0,0.0,0.0,1.0,0.0,3.0,17,1.0
7,25,107,12,352.0,75.0,nr85.png,1.0,0.0,0.0,0.0,1.0,1.0,5,0.0
7,25,107,1,152.0,705.0,nr91.png,2.0,0.0,0.0,0.0,0.0,3.0,5,0.0
7,25,107,2,380.0,901.0,nr93.png,3.0,0.0,0.0,0.0,0.0,2.0,5,0.0
7,25,107,7,468.0,1313.0,nr74.png,4.0,0.0,0.0,0.0,0.0,1.0,5,0.0
7,25,107,2,376.0,1823.0,nr93.png,5.0,1.0,1.0,0.0,0.0,2.0,5,0.0
7,25,107,0,264.0,2253.0,nr21.png,6.0,0.0,0.0,0.0,0.0,-3.0,5,0.0
7,25,107,1,250.0,2553.0,nr91.png,7.0,1.0,1.0,0.0,0.0,3.0,5,0.0
7,25,107,4,326.0,2871.0,nr51.png,8.0,0.0,0.0,0.0,0.0,1.0,5,0.0
7,25,107,13,212.0,3249.0,nr95.png,9.0,0.0,0.0,0.0,0.0,2.0,5,0.0
7,25,107,18,170.0,3493.0,nr87.png,10.0,0.0,0.0,0.0,0.0,3.0,5,0.0
7,25,107,1,422.0,3741.0,nr91.png,11.0,1.0,2.0,0.0,0.0,3.0,5,0.0
7,25,107,5,166.0,4247.0,nr92.png,12.0,0.0,0.0,0.0,0.0,3.0,5,0.0
7,25,107,10,286.0,4455.0,nr99.png,13.0,0.0,0.0,0.0,0.0,2.0,5,0.0
7,25,107,20,182.0,4781.0,nr60.png,14.0,0.0,0.0,0.0,0.0,2.0,5,0.0
7,25,107,23,176.0,5223.0,nr100.png,15.0,0.0,0.0,0.0,0.0,3.0,5,0.0
7,25,107,24,262.0,5429.0,nr56.png,16.0,0.0,0.0,1.0,0.0,2.0,5,0.0
7,25,112,12,392.0,75.0,nr3.png,1.0,0.0,0.0,0.0,1.0,1.0,21,0.0
7,25,112,1,238.0,521.0,nr96.png,2.0,0.0,0.0,0.0,0.0,2.0,21,0.0
7,25,112,0,414.0,823.0,nr44.png,3.0,0.0,0.0,0.0,0.0,1.0,21,0.0
7,25,112,10,306.0,1279.0,nr124.png,4.0,0.0,0.0,0.0,0.0,2.0,21,0.0
7,25,112,15,210.0,1651.0,nr107.png,5.0,0.0,0.0,0.0,0.0,1.0,21,0.0
7,25,112,20,252.0,1891.0,nr106.png,6.0,0.0,0.0,0.0,0.0,-1.0,21,0.0
7,25,112,21,232.0,2337.0,nr92.png,7.0,0.0,0.0,0.0,0.0,3.0,21,0.0
7,25,112,6,266.0,2673.0,nr81.png,8.0,0.0,0.0,0.0,0.0,2.0,21,0.0
7,25,112,1,152.0,2965.0,nr96.png,9.0,1.0,1.0,0.0,0.0,2.0,21,0.0
7,25,112,2,494.0,3161.0,nr30.png,10.0,0.0,0.0,0.0,0.0,-1.0,21,0.0
7,25,112,22,228.0,3727.0,nr112.png,11.0,0.0,0.0,0.0,0.0,-1.0,21,0.0
7,25,112,21,124.0,3993.0,nr92.png,12.0,1.0,1.0,0.0,0.0,3.0,21,0.0
7,25,112,22,264.0,4155.0,nr112.png,13.0,1.0,1.0,0.0,0.0,-1.0,21,0.0
7,25,112,17,394.0,4455.0,nr39.png,14.0,0.0,0.0,0.0,0.0,3.0,21,0.0
7,25,112,18,340.0,4901.0,nr21.png,15.0,0.0,0.0,0.0,0.0,-3.0,21,0.0
7,25,112,19,210.0,5277.0,nr89.png,16.0,0.0,0.0,0.0,0.0,2.0,21,0.0
7,25,112,3,320.0,5549.0,nr79.png,17.0,0.0,0.0,0.0,0.0,2.0,21,0.0
7,25,112,4,144.0,5927.0,nr101.png,18.0,0.0,0.0,0.0,0.0,1.0,21,0.0
7,25,112,3,430.0,6101.0,nr79.png,19.0,1.0,1.0,0.0,0.0,2.0,21,0.0
7,25,112,8,246.0,6579.0,nr53.png,20.0,0.0,0.0,0.0,0.0,3.0,21,0.0
7,25,112,18,246.0,6879.0,nr21.png,21.0,1.0,1.0,0.0,0.0,-3.0,21,0.0
7,25,112,7,160.0,7179.0,nr52.png,22.0,0.0,0.0,0.0,0.0,2.0,21,0.0
7,25,112,3,17.0,7391.0,nr79.png,23.0,1.0,2.0,1.0,0.0,2.0,21,0.0
7,25,118,12,368.0,75.0,nr125.png,1.0,0.0,0.0,0.0,1.0,1.0,6,1.0
7,25,118,6,202.0,521.0,nr19.png,2.0,0.0,0.0,0.0,0.0,2.0,6,1.0
7,25,118,1,308.0,755.0,nr7.png,3.0,0.0,0.0,0.0,0.0,1.0,6,1.0
7,25,118,3,306.0,1151.0,nr76.png,4.0,0.0,0.0,0.0,0.0,2.0,6,1.0
7,25,118,4,174.0,1495.0,nr79.png,5.0,0.0,0.0,0.0,0.0,2.0,6,1.0
7,25,118,16,378.0,1885.0,nr14.png,6.0,0.0,0.0,0.0,0.0,0.0,6,1.0
7,25,118,10,130.0,2545.0,nr30.png,7.0,0.0,0.0,0.0,0.0,-1.0,6,1.0
7,25,118,5,338.0,2847.0,nr80.png,8.0,0.0,0.0,0.0,0.0,-2.0,6,1.0
7,25,118,6,224.0,3249.0,nr19.png,9.0,1.0,1.0,0.0,0.0,2.0,6,1.0
7,25,118,16,166.0,3523.0,nr14.png,10.0,1.0,1.0,0.0,0.0,0.0,6,1.0
7,25,118,23,266.0,3733.0,nr98.png,11.0,0.0,0.0,0.0,0.0,1.0,6,1.0
7,25,118,24,198.0,4039.0,nr107.png,12.0,0.0,0.0,0.0,0.0,1.0,6,1.0
7,25,118,13,192.0,4291.0,nr4.png,13.0,0.0,0.0,0.0,0.0,0.0,6,1.0
7,25,118,12,270.0,4523.0,nr125.png,14.0,1.0,1.0,0.0,0.0,1.0,6,1.0
7,25,118,11,410.0,4837.0,nr15.png,15.0,0.0,0.0,0.0,0.0,2.0,6,1.0
7,25,118,6,456.0,5313.0,nr19.png,16.0,1.0,2.0,0.0,0.0,2.0,6,1.0
7,25,118,0,246.0,5833.0,nr44.png,17.0,0.0,0.0,0.0,0.0,1.0,6,1.0
7,25,118,1,254.0,6119.0,nr7.png,18.0,1.0,1.0,0.0,0.0,1.0,6,1.0
7,25,118,6,663.0,6403.0,nr19.png,19.0,1.0,3.0,1.0,0.0,2.0,6,1.0
7,25,125,12,110.0,76.0,nr69.png,1.0,0.0,0.0,0.0,1.0,0.0,3,0.0
7,25,125,0,154.0,464.0,nr15.png,2.0,0.0,0.0,0.0,0.0,2.0,3,0.0
7,25,125,1,204.0,662.0,nr97.png,3.0,0.0,0.0,0.0,0.0,3.0,3,0.0
7,25,125,3,196.0,918.0,nr92.png,4.0,0.0,0.0,0.0,0.0,3.0,3,0.0
7,25,125,4,172.0,1148.0,nr87.png,5.0,0.0,0.0,0.0,0.0,3.0,3,0.0
7,25,125,3,472.0,1354.0,nr92.png,6.0,1.0,1.0,0.0,0.0,3.0,3,0.0
7,25,125,8,84.0,1902.0,nr27.png,7.0,0.0,0.0,0.0,0.0,2.0,3,0.0
7,25,125,18,258.0,2036.0,nr95.png,8.0,0.0,0.0,0.0,0.0,2.0,3,0.0
7,25,125,15,124.0,2354.0,nr121.png,9.0,0.0,0.0,0.0,0.0,2.0,3,0.0
7,25,125,20,174.0,2506.0,nr81.png,10.0,0.0,0.0,0.0,0.0,2.0,3,0.0
7,25,125,15,152.0,2724.0,nr121.png,11.0,1.0,1.0,0.0,0.0,2.0,3,0.0
7,25,125,10,226.0,2914.0,nr53.png,12.0,0.0,0.0,1.0,0.0,3.0,3,0.0
7,25,135,12,86.0,74.0,nr55.png,1.0,0.0,0.0,0.0,1.0,1.0,2,1.0
7,25,135,7,200.0,298.0,nr1.png,2.0,0.0,0.0,0.0,0.0,1.0,2,1.0
7,25,135,2,392.0,544.0,nr57.png,3.0,0.0,0.0,0.0,0.0,2.0,2,1.0
7,25,135,4,204.0,1012.0,nr96.png,4.0,0.0,0.0,0.0,0.0,2.0,2,1.0
7,25,135,3,172.0,1258.0,nr48.png,5.0,0.0,0.0,0.0,0.0,0.0,2,1.0
7,25,135,8,220.0,1464.0,nr114.png,6.0,0.0,0.0,0.0,0.0,1.0,2,1.0
7,25,135,13,720.0,1726.0,nr75.png,7.0,0.0,0.0,0.0,0.0,3.0,2,1.0
7,25,135,15,132.0,2780.0,nr50.png,8.0,0.0,0.0,0.0,0.0,2.0,2,1.0
7,25,135,23,332.0,2972.0,nr97.png,9.0,0.0,0.0,0.0,0.0,3.0,2,1.0
7,25,135,22,182.0,3346.0,nr90.png,10.0,0.0,0.0,0.0,0.0,-2.0,2,1.0
7,25,135,0,126.0,3610.0,nr60.png,11.0,0.0,0.0,0.0,0.0,2.0,2,1.0
7,25,135,2,214.0,3780.0,nr57.png,12.0,1.0,1.0,0.0,0.0,2.0,2,1.0
7,25,135,0,220.0,4048.0,nr60.png,13.0,1.0,1.0,0.0,0.0,2.0,2,1.0
7,25,135,5,280.0,4302.0,nr9.png,14.0,0.0,0.0,0.0,0.0,3.0,2,1.0
7,25,135,10,262.0,4620.0,nr46.png,15.0,0.0,0.0,0.0,0.0,-1.0,2,1.0
7,25,135,2,240.0,4944.0,nr57.png,16.0,1.0,2.0,1.0,0.0,2.0,2,1.0
7,25,137,12,334.0,75.0,nr30.png,1.0,0.0,0.0,0.0,1.0,-1.0,24,1.0
7,25,137,1,150.0,469.0,nr11.png,2.0,0.0,0.0,0.0,0.0,2.0,24,1.0
7,25,137,0,120.0,657.0,nr12.png,3.0,0.0,0.0,0.0,0.0,2.0,24,1.0
7,25,137,4,200.0,855.0,nr76.png,4.0,0.0,0.0,0.0,0.0,2.0,24,1.0
7,25,137,3,162.0,1089.0,nr93.png,5.0,0.0,0.0,0.0,0.0,2.0,24,1.0
7,25,137,2,204.0,1293.0,nr125.png,6.0,0.0,0.0,0.0,0.0,1.0,24,1.0
7,25,137,7,238.0,1543.0,nr91.png,7.0,0.0,0.0,0.0,0.0,3.0,24,1.0
7,25,137,12,142.0,1811.0,nr30.png,8.0,1.0,1.0,0.0,0.0,-1.0,24,1.0
7,25,137,11,218.0,1993.0,nr60.png,9.0,0.0,0.0,0.0,0.0,2.0,24,1.0
7,25,137,10,222.0,2251.0,nr84.png,10.0,0.0,0.0,0.0,0.0,1.0,24,1.0
7,25,137,15,214.0,2507.0,nr72.png,11.0,0.0,0.0,0.0,0.0,1.0,24,1.0
7,25,137,16,208.0,2757.0,nr100.png,12.0,0.0,0.0,0.0,0.0,3.0,24,1.0
7,25,137,18,242.0,3015.0,nr109.png,13.0,0.0,0.0,0.0,0.0,1.0,24,1.0
7,25,137,23,280.0,3291.0,nr87.png,14.0,0.0,0.0,0.0,0.0,3.0,24,1.0
7,25,137,24,364.0,3611.0,nr18.png,15.0,0.0,0.0,0.0,0.0,3.0,24,1.0
7,25,137,19,320.0,4009.0,nr9.png,16.0,0.0,0.0,0.0,0.0,3.0,24,1.0
7,25,137,24,407.0,4399.0,nr18.png,17.0,1.0,1.0,1.0,0.0,3.0,24,1.0
7,25,139,12,72.0,76.0,nr12.png,1.0,0.0,0.0,0.0,1.0,2.0,0,0.0
7,25,139,2,56.0,214.0,nr76.png,2.0,0.0,0.0,0.0,0.0,2.0,0,0.0
7,25,139,1,142.0,292.0,nr57.png,3.0,0.0,0.0,0.0,0.0,2.0,0,0.0
7,25,139,2,186.0,488.0,nr76.png,4.0,1.0,1.0,0.0,0.0,2.0,0,0.0
7,25,139,3,66.0,700.0,nr69.png,5.0,0.0,0.0,0.0,0.0,0.0,0,0.0
7,25,139,0,188.0,1018.0,nr92.png,6.0,0.0,0.0,0.0,0.0,3.0,0,0.0
7,25,139,4,252.0,1282.0,nr121.png,7.0,0.0,0.0,0.0,0.0,2.0,0,0.0
7,25,139,9,184.0,1574.0,nr98.png,8.0,0.0,0.0,0.0,0.0,1.0,0,0.0
7,25,139,14,94.0,1786.0,nr97.png,9.0,0.0,0.0,0.0,0.0,3.0,0,0.0
7,25,139,10,204.0,1956.0,nr41.png,10.0,0.0,0.0,0.0,0.0,1.0,0,0.0
7,25,139,15,188.0,2198.0,nr91.png,11.0,0.0,0.0,0.0,0.0,3.0,0,0.0
7,25,139,17,148.0,2434.0,nr28.png,12.0,0.0,0.0,0.0,0.0,3.0,0,0.0
7,25,139,18,206.0,2622.0,nr48.png,13.0,0.0,0.0,0.0,0.0,0.0,0,0.0
7,25,139,19,326.0,2870.0,nr52.png,14.0,0.0,0.0,0.0,0.0,2.0,0,0.0
7,25,139,23,324.0,3228.0,nr84.png,15.0,0.0,0.0,1.0,0.0,1.0,0,0.0
7,25,142,12,318.0,75.0,nr15.png,1.0,0.0,0.0,0.0,1.0,2.0,24,0.0
7,25,142,1,98.0,639.0,nr48.png,2.0,0.0,0.0,0.0,0.0,0.0,24,0.0
7,25,142,0,238.0,767.0,nr102.png,3.0,0.0,0.0,0.0,0.0,2.0,24,0.0
7,25,142,4,240.0,1075.0,nr12.png,4.0,0.0,0.0,0.0,0.0,2.0,24,0.0
7,25,142,3,172.0,1353.0,nr112.png,5.0,0.0,0.0,0.0,0.0,-1.0,24,0.0
7,25,142,7,188.0,1571.0,nr88.png,6.0,0.0,0.0,0.0,0.0,0.0,24,0.0
7,25,142,6,76.0,1781.0,nr109.png,7.0,0.0,0.0,0.0,0.0,1.0,24,0.0
7,25,142,5,370.0,1913.0,nr19.png,8.0,0.0,0.0,0.0,0.0,2.0,24,0.0
7,25,142,6,228.0,2335.0,nr109.png,9.0,1.0,1.0,0.0,0.0,1.0,24,0.0
7,25,142,9,202.0,2625.0,nr80.png,10.0,0.0,0.0,0.0,0.0,-2.0,24,0.0
7,25,142,8,112.0,2873.0,nr14.png,11.0,0.0,0.0,0.0,0.0,0.0,24,0.0
7,25,142,12,130.0,3033.0,nr15.png,12.0,1.0,1.0,0.0,0.0,2.0,24,0.0
7,25,142,9,518.0,3221.0,nr80.png,13.0,1.0,1.0,0.0,0.0,-2.0,24,0.0
7,25,142,13,340.0,3809.0,nr9.png,14.0,0.0,0.0,0.0,0.0,3.0,24,0.0
7,25,142,18,412.0,4215.0,nr46.png,15.0,0.0,0.0,0.0,0.0,-1.0,24,0.0
7,25,142,12,174.0,4901.0,nr15.png,16.0,1.0,2.0,0.0,0.0,2.0,24,0.0
7,25,142,20,266.0,5133.0,nr11.png,17.0,0.0,0.0,0.0,0.0,2.0,24,0.0
7,25,142,21,274.0,5439.0,nr84.png,18.0,0.0,0.0,0.0,0.0,1.0,24,0.0
7,25,142,22,134.0,5749.0,nr106.png,19.0,0.0,0.0,0.0,0.0,-1.0,24,0.0
7,25,142,16,332.0,5929.0,nr107.png,20.0,0.0,0.0,0.0,0.0,1.0,24,0.0
7,25,142,15,274.0,6307.0,nr65.png,21.0,0.0,0.0,0.0,0.0,2.0,24,0.0
7,25,142,10,292.0,6619.0,nr96.png,22.0,0.0,0.0,0.0,0.0,2.0,24,0.0
7,25,142,23,432.0,6973.0,nr93.png,23.0,0.0,0.0,0.0,0.0,2.0,24,0.0
7,25,142,24,290.0,7465.0,nr39.png,24.0,0.0,0.0,0.0,0.0,3.0,24,0.0
7,25,142,19,248.0,7797.0,nr44.png,25.0,0.0,0.0,1.0,0.0,1.0,24,0.0
7,25,144,12,98.0,75.0,nr50.png,1.0,0.0,0.0,0.0,1.0,2.0,5,1.0
7,25,144,6,44.0,239.0,nr112.png,2.0,0.0,0.0,0.0,0.0,-1.0,5,1.0
7,25,144,1,144.0,289.0,nr41.png,3.0,0.0,0.0,0.0,0.0,1.0,5,1.0
7,25,144,0,464.0,467.0,nr48.png,4.0,0.0,0.0,0.0,0.0,0.0,5,1.0
7,25,144,1,182.0,1019.0,nr41.png,5.0,1.0,1.0,0.0,0.0,1.0,5,1.0
7,25,144,3,154.0,1267.0,nr31.png,6.0,0.0,0.0,0.0,0.0,2.0,5,1.0
7,25,144,5,202.0,1505.0,nr57.png,7.0,0.0,0.0,0.0,0.0,2.0,5,1.0
7,25,144,10,244.0,1753.0,nr84.png,8.0,0.0,0.0,0.0,0.0,1.0,5,1.0
7,25,144,13,462.0,2071.0,nr39.png,9.0,0.0,0.0,0.0,0.0,3.0,5,1.0
7,25,144,15,488.0,2919.0,nr53.png,10.0,0.0,0.0,0.0,0.0,3.0,5,1.0
7,25,144,5,228.0,3805.0,nr57.png,11.0,1.0,1.0,1.0,0.0,2.0,5,1.0
7,25,145,12,118.0,74.0,nr95.png,1.0,0.0,0.0,0.0,1.0,2.0,0,1.0
7,25,145,6,212.0,266.0,nr10.png,2.0,0.0,0.0,0.0,0.0,2.0,0,1.0
7,25,145,0,412.0,530.0,nr92.png,3.0,0.0,0.0,0.0,0.0,3.0,0,1.0
7,25,145,1,240.0,1008.0,nr51.png,4.0,0.0,0.0,0.0,0.0,1.0,0,1.0
7,25,145,3,182.0,1306.0,nr98.png,5.0,0.0,0.0,0.0,0.0,1.0,0,1.0
7,25,145,4,316.0,1532.0,nr46.png,6.0,0.0,0.0,0.0,0.0,-1.0,0,1.0
7,25,145,8,178.0,1914.0,nr19.png,7.0,0.0,0.0,0.0,0.0,2.0,0,1.0
7,25,145,13,100.0,2136.0,nr56.png,8.0,0.0,0.0,0.0,0.0,2.0,0,1.0
7,25,145,12,24.0,2256.0,nr95.png,9.0,1.0,1.0,0.0,0.0,2.0,0,1.0
7,25,145,10,254.0,2440.0,nr91.png,10.0,0.0,0.0,0.0,0.0,3.0,0,1.0
7,25,145,15,22.0,2702.0,nr84.png,11.0,0.0,0.0,0.0,0.0,1.0,0,1.0
7,25,145,20,382.0,2952.0,nr49.png,12.0,0.0,0.0,0.0,0.0,1.0,0,1.0
7,25,145,0,324.0,3440.0,nr92.png,13.0,1.0,1.0,0.0,0.0,3.0,0,1.0
7,25,145,5,282.0,3806.0,nr1.png,14.0,0.0,0.0,0.0,0.0,1.0,0,1.0
7,25,145,10,162.0,4140.0,nr91.png,15.0,1.0,1.0,0.0,0.0,3.0,0,1.0
7,25,145,12,236.0,4600.0,nr95.png,16.0,1.0,2.0,0.0,0.0,2.0,0,1.0
7,25,145,11,192.0,4896.0,nr54.png,17.0,0.0,0.0,0.0,0.0,1.0,0,1.0
7,25,145,0,50.0,5240.0,nr92.png,18.0,1.0,2.0,1.0,0.0,3.0,0,1.0
7,25,148,6,114.0,239.0,nr10.png,1.0,0.0,0.0,0.0,1.0,2.0,5,1.0
7,25,148,2,180.0,723.0,nr97.png,2.0,0.0,0.0,0.0,0.0,3.0,5,1.0
7,25,148,4,250.0,951.0,nr69.png,3.0,0.0,0.0,0.0,0.0,0.0,5,1.0
7,25,148,8,212.0,1255.0,nr87.png,4.0,0.0,0.0,0.0,0.0,3.0,5,1.0
7,25,148,9,158.0,1511.0,nr85.png,5.0,0.0,0.0,0.0,0.0,1.0,5,1.0
7,25,148,6,202.0,1751.0,nr10.png,6.0,1.0,1.0,0.0,0.0,2.0,5,1.0
7,25,148,5,212.0,2141.0,nr75.png,7.0,0.0,0.0,0.0,0.0,3.0,5,1.0
7,25,148,11,228.0,2391.0,nr101.png,8.0,0.0,0.0,0.0,0.0,1.0,5,1.0
7,25,148,12,264.0,2657.0,nr84.png,9.0,0.0,0.0,0.0,0.0,1.0,5,1.0
7,25,148,22,138.0,3265.0,nr76.png,10.0,0.0,0.0,0.0,0.0,2.0,5,1.0
7,25,148,23,126.0,3685.0,nr111.png,11.0,0.0,0.0,0.0,0.0,-1.0,5,1.0
7,25,148,10,172.0,4121.0,nr113.png,12.0,0.0,0.0,0.0,0.0,0.0,5,1.0
7,25,148,5,488.0,4333.0,nr75.png,13.0,1.0,1.0,0.0,0.0,3.0,5,1.0
7,25,148,6,246.0,4887.0,nr10.png,14.0,1.0,2.0,0.0,0.0,2.0,5,1.0
7,25,148,1,174.0,5169.0,nr99.png,15.0,0.0,0.0,0.0,0.0,2.0,5,1.0
7,25,148,0,274.0,5381.0,nr81.png,16.0,0.0,0.0,0.0,0.0,2.0,5,1.0
7,25,148,5,24.0,5685.0,nr75.png,17.0,1.0,2.0,1.0,0.0,3.0,5,1.0
7,25,150,12,380.0,76.0,nr54.png,1.0,0.0,0.0,0.0,1.0,1.0,20,0.0
7,25,150,8,268.0,514.0,nr2.png,2.0,0.0,0.0,0.0,0.0,2.0,20,0.0
7,25,150,7,176.0,828.0,nr44.png,3.0,0.0,0.0,0.0,0.0,1.0,20,0.0
7,25,150,1,194.0,1056.0,nr15.png,4.0,0.0,0.0,0.0,0.0,2.0,20,0.0
7,25,150,15,244.0,1310.0,nr96.png,5.0,0.0,0.0,0.0,0.0,2.0,20,0.0
7,25,150,16,754.0,1586.0,nr29.png,6.0,0.0,0.0,0.0,0.0,3.0,20,0.0
7,25,150,21,380.0,2386.0,nr84.png,7.0,0.0,0.0,0.0,0.0,1.0,20,0.0
7,25,150,20,358.0,2824.0,nr39.png,8.0,0.0,0.0,0.0,0.0,3.0,20,0.0
7,25,150,23,212.0,3256.0,nr41.png,9.0,0.0,0.0,0.0,0.0,1.0,20,0.0
7,25,150,22,146.0,3502.0,nr62.png,10.0,0.0,0.0,0.0,0.0,2.0,20,0.0
7,25,150,18,286.0,3706.0,nr9.png,11.0,0.0,0.0,0.0,0.0,3.0,20,0.0
7,25,150,14,362.0,4038.0,nr87.png,12.0,0.0,0.0,0.0,0.0,3.0,20,0.0
7,25,150,8,150.0,4810.0,nr2.png,13.0,1.0,1.0,0.0,0.0,2.0,20,0.0
7,25,150,0,494.0,5022.0,nr109.png,14.0,0.0,0.0,0.0,0.0,1.0,20,0.0
7,25,150,5,176.0,5758.0,nr113.png,15.0,0.0,0.0,1.0,0.0,0.0,20,0.0
7,25,159,12,80.0,76.0,nr2.png,1.0,0.0,0.0,0.0,1.0,2.0,6,0.0
7,25,159,7,156.0,192.0,nr44.png,2.0,0.0,0.0,0.0,0.0,1.0,6,0.0
7,25,159,6,922.0,384.0,nr91.png,3.0,0.0,0.0,0.0,0.0,3.0,6,0.0
7,25,159,8,284.0,1376.0,nr114.png,4.0,0.0,0.0,0.0,0.0,1.0,6,0.0
7,25,159,18,594.0,1714.0,nr42.png,5.0,0.0,0.0,0.0,0.0,2.0,6,0.0
7,25,159,21,198.0,2408.0,nr113.png,6.0,0.0,0.0,0.0,0.0,0.0,6,0.0
7,25,159,20,134.0,2666.0,nr99.png,7.0,0.0,0.0,0.0,0.0,2.0,6,0.0
7,25,159,15,202.0,2834.0,nr60.png,8.0,0.0,0.0,0.0,0.0,2.0,6,0.0
7,25,159,16,188.0,3080.0,nr97.png,9.0,0.0,0.0,0.0,0.0,3.0,6,0.0
7,25,159,10,92.0,3468.0,nr27.png,10.0,0.0,0.0,1.0,0.0,2.0,6,0.0
7,25,164,12,414.0,75.0,nr60.png,1.0,0.0,0.0,0.0,1.0,2.0,16,1.0
7,25,164,6,180.0,565.0,nr49.png,2.0,0.0,0.0,0.0,0.0,1.0,16,1.0
7,25,164,0,142.0,801.0,nr109.png,3.0,0.0,0.0,0.0,0.0,1.0,16,1.0
7,25,164,1,86.0,1001.0,nr15.png,4.0,0.0,0.0,0.0,0.0,2.0,16,1.0
7,25,164,3,220.0,1135.0,nr113.png,5.0,0.0,0.0,0.0,0.0,0.0,16,1.0
7,25,164,9,356.0,1399.0,nr4.png,6.0,0.0,0.0,0.0,0.0,0.0,16,1.0
7,25,164,12,126.0,1833.0,nr60.png,7.0,1.0,1.0,0.0,0.0,2.0,16,1.0
7,25,164,11,274.0,2011.0,nr87.png,8.0,0.0,0.0,0.0,0.0,3.0,16,1.0
7,25,164,12,238.0,2331.0,nr60.png,9.0,1.0,2.0,0.0,0.0,2.0,16,1.0
7,25,164,17,336.0,2603.0,nr75.png,10.0,0.0,0.0,0.0,0.0,3.0,16,1.0
7,25,164,16,321.0,2977.0,nr39.png,11.0,0.0,0.0,1.0,0.0,3.0,16,1.0
7,25,166,12,92.0,74.0,nr69.png,1.0,0.0,0.0,0.0,1.0,0.0,10,1.0
7,25,166,6,174.0,226.0,nr125.png,2.0,0.0,0.0,0.0,0.0,1.0,10,1.0
7,25,166,1,172.0,442.0,nr80.png,3.0,0.0,0.0,0.0,0.0,-2.0,10,1.0
7,25,166,4,308.0,686.0,nr2.png,4.0,0.0,0.0,0.0,0.0,2.0,10,1.0
7,25,166,9,224.0,1028.0,nr94.png,5.0,0.0,0.0,0.0,0.0,-2.0,10,1.0
7,25,166,12,178.0,1310.0,nr69.png,6.0,1.0,1.0,0.0,0.0,0.0,10,1.0
7,25,166,11,158.0,1532.0,nr99.png,7.0,0.0,0.0,0.0,0.0,2.0,10,1.0
7,25,166,10,506.0,1732.0,nr39.png,8.0,0.0,0.0,0.0,0.0,3.0,10,1.0
7,25,166,13,344.0,2332.0,nr81.png,9.0,0.0,0.0,0.0,0.0,2.0,10,1.0
7,25,166,14,160.0,2742.0,nr120.png,10.0,0.0,0.0,0.0,0.0,1.0,10,1.0
7,25,166,16,242.0,2966.0,nr27.png,11.0,0.0,0.0,0.0,0.0,2.0,10,1.0
7,25,166,15,364.0,3282.0,nr90.png,12.0,0.0,0.0,0.0,0.0,-2.0,10,1.0
7,25,166,20,158.0,3680.0,nr84.png,13.0,0.0,0.0,0.0,0.0,1.0,10,1.0
7,25,166,22,186.0,3894.0,nr98.png,14.0,0.0,0.0,0.0,0.0,1.0,10,1.0
7,25,166,24,304.0,4126.0,nr54.png,15.0,0.0,0.0,0.0,0.0,1.0,10,1.0
7,25,166,10,469.0,4572.0,nr39.png,16.0,1.0,1.0,1.0,0.0,3.0,10,1.0
7,25,167,12,60.0,82.0,nr84.png,1.0,0.0,0.0,0.0,1.0,1.0,22,1.0
7,25,167,6,54.0,162.0,nr14.png,2.0,0.0,0.0,0.0,0.0,0.0,22,1.0
7,25,167,0,232.0,348.0,nr106.png,3.0,0.0,0.0,0.0,0.0,-1.0,22,1.0
7,25,167,2,200.0,666.0,nr55.png,4.0,0.0,0.0,0.0,0.0,1.0,22,1.0
7,25,167,4,232.0,916.0,nr94.png,5.0,0.0,0.0,0.0,0.0,-2.0,22,1.0
7,25,167,3,216.0,1182.0,nr48.png,6.0,0.0,0.0,0.0,0.0,0.0,22,1.0
7,25,167,8,210.0,1438.0,nr62.png,7.0,0.0,0.0,0.0,0.0,2.0,22,1.0
7,25,167,12,164.0,1704.0,nr84.png,8.0,1.0,1.0,0.0,0.0,1.0,22,1.0
7,25,167,10,270.0,1926.0,nr99.png,9.0,0.0,0.0,0.0,0.0,2.0,22,1.0
7,25,167,11,254.0,2230.0,nr7.png,10.0,0.0,0.0,0.0,0.0,1.0,22,1.0
7,25,167,13,540.0,2540.0,nr120.png,11.0,0.0,0.0,0.0,0.0,1.0,22,1.0
7,25,167,19,156.0,3114.0,nr121.png,12.0,0.0,0.0,0.0,0.0,2.0,22,1.0
7,25,167,18,294.0,3304.0,nr2.png,13.0,0.0,0.0,0.0,0.0,2.0,22,1.0
7,25,167,19,220.0,3642.0,nr121.png,14.0,1.0,1.0,0.0,0.0,2.0,22,1.0
7,25,167,24,154.0,3890.0,nr88.png,15.0,0.0,0.0,0.0,0.0,0.0,22,1.0
7,25,167,21,366.0,4124.0,nr46.png,16.0,0.0,0.0,0.0,0.0,-1.0,22,1.0
7,25,167,22,559.0,4534.0,nr58.png,17.0,0.0,0.0,1.0,0.0,3.0,22,1.0
7,25,168,12,78.0,74.0,nr124.png,1.0,0.0,0.0,0.0,1.0,2.0,0,0.0
7,25,168,6,66.0,460.0,nr31.png,2.0,0.0,0.0,0.0,0.0,2.0,0,0.0
7,25,168,0,412.0,560.0,nr39.png,3.0,0.0,0.0,0.0,0.0,3.0,0,0.0
7,25,168,3,320.0,1098.0,nr21.png,4.0,0.0,0.0,0.0,0.0,-3.0,0,0.0
7,25,168,9,152.0,1460.0,nr87.png,5.0,0.0,0.0,0.0,0.0,3.0,0,0.0
7,25,168,7,228.0,1672.0,nr42.png,6.0,0.0,0.0,0.0,0.0,2.0,0,0.0
7,25,168,11,300.0,1952.0,nr80.png,7.0,0.0,0.0,0.0,0.0,-2.0,0,0.0
7,25,168,12,116.0,2312.0,nr124.png,8.0,1.0,1.0,0.0,0.0,2.0,0,0.0
7,25,168,17,302.0,2454.0,nr63.png,9.0,0.0,0.0,0.0,0.0,1.0,0,0.0
7,25,168,18,88.0,3006.0,nr96.png,10.0,0.0,0.0,0.0,0.0,2.0,0,0.0
7,25,168,19,80.0,3120.0,nr55.png,11.0,0.0,0.0,0.0,0.0,1.0,0,0.0
7,25,168,24,170.0,3752.0,nr111.png,12.0,0.0,0.0,0.0,0.0,-1.0,0,0.0
7,25,168,20,346.0,4082.0,nr85.png,13.0,0.0,0.0,0.0,0.0,1.0,0,0.0
7,25,168,22,204.0,4508.0,nr44.png,14.0,0.0,0.0,0.0,0.0,1.0,0,0.0
7,25,168,15,318.0,4768.0,nr81.png,15.0,0.0,0.0,0.0,0.0,2.0,0,0.0
7,25,168,5,130.0,5306.0,nr52.png,16.0,0.0,0.0,1.0,0.0,2.0,0,0.0
7,25,173,12,318.0,75.0,nr99.png,1.0,0.0,0.0,0.0,1.0,2.0,22,0.0
7,25,173,0,426.0,617.0,nr39.png,2.0,0.0,0.0,0.0,0.0,3.0,22,0.0
7,25,173,3,206.0,1139.0,nr50.png,3.0,0.0,0.0,0.0,0.0,2.0,22,0.0
7,25,173,4,260.0,1389.0,nr88.png,4.0,0.0,0.0,0.0,0.0,0.0,22,0.0
7,25,173,9,206.0,1683.0,nr8.png,5.0,0.0,0.0,0.0,0.0,1.0,22,0.0
7,25,173,16,80.0,2099.0,nr28.png,6.0,0.0,0.0,0.0,0.0,3.0,22,0.0
7,25,173,15,138.0,2389.0,nr29.png,7.0,0.0,0.0,0.0,0.0,3.0,22,0.0
7,25,173,16,410.0,2733.0,nr28.png,8.0,1.0,1.0,0.0,0.0,3.0,22,0.0
7,25,173,18,258.0,3221.0,nr60.png,9.0,0.0,0.0,0.0,0.0,2.0,22,0.0
7,25,173,22,338.0,3521.0,nr75.png,10.0,0.0,0.0,0.0,0.0,3.0,22,0.0
7,25,173,21,673.0,3903.0,nr44.png,11.0,0.0,0.0,1.0,0.0,1.0,22,0.0
7,25,189,12,266.0,75.0,nr114.png,1.0,0.0,0.0,0.0,1.0,1.0,15,1.0
7,25,189,0,394.0,643.0,nr106.png,2.0,0.0,0.0,0.0,0.0,-1.0,15,1.0
7,25,189,1,264.0,1075.0,nr99.png,3.0,0.0,0.0,0.0,0.0,2.0,15,1.0
7,25,189,0,202.0,1381.0,nr106.png,4.0,1.0,1.0,0.0,0.0,-1.0,15,1.0
7,25,189,3,232.0,1643.0,nr107.png,5.0,0.0,0.0,0.0,0.0,1.0,15,1.0
7,25,189,4,252.0,1923.0,nr93.png,6.0,0.0,0.0,0.0,0.0,2.0,15,1.0
7,25,189,9,206.0,2213.0,nr10.png,7.0,0.0,0.0,0.0,0.0,2.0,15,1.0
7,25,189,13,170.0,2465.0,nr62.png,8.0,0.0,0.0,0.0,0.0,2.0,15,1.0
7,25,189,16,408.0,2701.0,nr98.png,9.0,0.0,0.0,0.0,0.0,1.0,15,1.0
7,25,189,15,278.0,3171.0,nr76.png,10.0,0.0,0.0,0.0,0.0,2.0,15,1.0
7,25,189,10,160.0,3471.0,nr112.png,11.0,0.0,0.0,0.0,0.0,-1.0,15,1.0
7,25,189,15,273.0,3779.0,nr76.png,12.0,1.0,1.0,1.0,0.0,2.0,15,1.0
7,25,195,12,404.0,76.0,nr85.png,1.0,0.0,0.0,0.0,1.0,1.0,13,1.0
7,25,195,1,172.0,550.0,nr15.png,2.0,0.0,0.0,0.0,0.0,2.0,13,1.0
7,25,195,13,232.0,1076.0,nr75.png,3.0,0.0,0.0,0.0,0.0,3.0,13,1.0
7,25,195,5,146.0,1588.0,nr81.png,4.0,0.0,0.0,0.0,0.0,2.0,13,1.0
7,25,195,6,234.0,1776.0,nr60.png,5.0,0.0,0.0,0.0,0.0,2.0,13,1.0
7,25,195,11,228.0,2048.0,nr91.png,6.0,0.0,0.0,0.0,0.0,3.0,13,1.0
7,25,195,16,180.0,2302.0,nr45.png,7.0,0.0,0.0,0.0,0.0,1.0,13,1.0
7,25,195,11,250.0,2516.0,nr91.png,8.0,1.0,1.0,0.0,0.0,3.0,13,1.0
7,25,195,13,316.0,2822.0,nr75.png,9.0,1.0,1.0,1.0,0.0,3.0,13,1.0
